"date","number","category","rank","artists","title"
"2024-01-14","1","national","1","Jacob Forever & @danyome & Kevincitoel13 & Gatillo","Que viva el amor"
"2024-01-14","1","national","2","Havana D' Primera & Gilberto Santa Rosa","Cu-Pr"
"2024-01-14","1","national","3","Wil Campa","Nunca Te Olvidaré"
"2024-01-14","1","national","4","Charly & Johayron y Ernesto Losa","Una copia de mí"
"2024-01-14","1","national","5","Karmen Muradas","Salsa Kuduro"
"2024-01-14","1","national","6","Nesty & Diana Fuentes","Mas Que Amigos"
"2024-01-14","1","national","7","LiesterM & Charanga Habanera","Muerto, frito y derretido"
"2024-01-14","1","national","8","Lenier & Jowell & Randy","Si Tu La Ves"
"2024-01-14","1","national","9","Leoni Torres & Eddy K & Mauro El Codigo Secreto","El Amor Que Espere"
"2024-01-14","1","national","10","Formell y Los Van Van","Modo Van Van"
"2024-01-14","1","international","1","Dua Lipa","Houdini"
"2024-01-14","1","international","2","KAROL G","MI EX TENÍA RAZÓN"
"2024-01-14","1","international","3","Daddy Yankee","Bonita"
"2024-01-14","1","international","4","Enrique Iglesias & Maria Becerra","ASI ES LA VIDA"
"2024-01-14","1","international","5","Sebastián Yatra & Manuel Turizo & Beéle","VAGABUNDO"
"2024-01-14","1","international","6","Ozuna & David Guetta","Vocation"
"2024-01-14","1","international","7","Sia","Gimme Love"
"2024-01-14","1","international","8","Aitana & Rels B","miamor"
"2024-01-14","1","international","9","Jason Derulo & Meghan Trainor","Hands On Me"
"2024-01-14","1","international","10","Natti Natasha","Ya No Te Extraño"
"2024-01-21","2","national","1","Jacob Forever & @danyome & Kevincitoel13 & Gatillo","Que viva el amor"
"2024-01-21","2","national","2","Havana D' Primera & Gilberto Santa Rosa","Cu-Pr"
"2024-01-21","2","national","3","Wil Campa","Nunca Te Olvidaré"
"2024-01-21","2","national","4","Charly & Johayron y Ernesto Losa","Una copia de mí"
"2024-01-21","2","national","5","Karmen Muradas","Salsa Kuduro"
"2024-01-21","2","national","6","Nesty & Diana Fuentes","Mas Que Amigos"
"2024-01-21","2","national","7","LiesterM & Charanga Habanera","Muerto, frito y derretido"
"2024-01-21","2","national","8","Leoni Torres & Eddy K & Mauro El Codigo Secreto","El Amor Que Espere"
"2024-01-21","2","national","9","Formell y Los Van Van","Modo Van Van"
"2024-01-21","2","national","10","Lenier & Jowell & Randy","Si Tu La Ves"
"2024-01-21","2","international","1","Dua Lipa","Houdini"
"2024-01-21","2","international","2","Daddy Yankee","Bonita"
"2024-01-21","2","international","3","KAROL G","MI EX TENÍA RAZÓN"
"2024-01-21","2","international","4","Enrique Iglesias & Maria Becerra","ASI ES LA VIDA"
"2024-01-21","2","international","5","Ozuna & David Guetta","Vocation"
"2024-01-21","2","international","6","Sebastián Yatra & Manuel Turizo & Beéle","VAGABUNDO"
"2024-01-21","2","international","7","Sia","Gimme Love"
"2024-01-21","2","international","8","Aitana & Rels B","miamor"
"2024-01-21","2","international","9","Jason Derulo & Meghan Trainor","Hands On Me"
"2024-01-21","2","international","10","Natti Natasha","Ya No Te Extraño"
"2024-01-28","3","national","1","Jacob Forever & @danyome & Kevincitoel13 & Gatillo","Que viva el amor"
"2024-01-28","3","national","2","Havana D' Primera & Gilberto Santa Rosa","Cu-Pr"
"2024-01-28","3","national","3","Wil Campa","Nunca Te Olvidaré"
"2024-01-28","3","national","4","Charly & Johayron y Ernesto Losa","Una copia de mí"
"2024-01-28","3","national","5","Karmen Muradas","Salsa Kuduro"
"2024-01-28","3","national","6","Nesty & Diana Fuentes","Mas Que Amigos"
"2024-01-28","3","national","7","LiesterM & Charanga Habanera","Muerto, frito y derretido"
"2024-01-28","3","national","8","Papushi","Te Digo Adiós (Cumbia)"
"2024-01-28","3","national","9","Formell y Los Van Van","Modo Van Van"
"2024-01-28","3","national","10","Bryan Sanchez","Cuéntale"
"2024-01-28","3","international","1","Dua Lipa","Houdini"
"2024-01-28","3","international","2","Daddy Yankee","Bonita"
"2024-01-28","3","international","3","KAROL G","MI EX TENÍA RAZÓN"
"2024-01-28","3","international","4","Ozuna & David Guetta","Vocation"
"2024-01-28","3","international","5","Aitana & Rels B","miamor"
"2024-01-28","3","international","6","Calvin Harris & Sam Smith","Desire"
"2024-01-28","3","international","7","Enrique Iglesias & Maria Becerra","ASI ES LA VIDA"
"2024-01-28","3","international","8","Jason Derulo & Meghan Trainor","Hands On Me"
"2024-01-28","3","international","9","Natti Natasha","Ya No Te Extraño"
"2024-01-28","3","international","10","Bizarrap","Young Miko: Bzrp Music Sessions, Vol. 58"
"2024-02-04","4","national","1","Charly & Johayron y Ernesto Losa","Una copia de mí"
"2024-02-04","4","national","2","Havana D' Primera & Gilberto Santa Rosa","Cu-Pr"
"2024-02-04","4","national","3","Wil Campa","Nunca Te Olvidaré"
"2024-02-04","4","national","4","Karmen Muradas","Salsa Kuduro"
"2024-02-04","4","national","5","Jacob Forever & @danyome & Kevincitoel13 & Gatillo","Que viva el amor"
"2024-02-04","4","national","6","Formell y Los Van Van","Modo Van Van"
"2024-02-04","4","national","7","Nesty & Diana Fuentes","Mas Que Amigos"
"2024-02-04","4","national","8","Papushi","Te Digo Adiós (Cumbia)"
"2024-02-04","4","national","9","Diana Fuentes","La Vida Es Buena"
"2024-02-04","4","national","10","LiesterM & Charanga Habanera","Muerto, frito y derretido"
"2024-02-04","4","international","1","Ozuna & David Guetta","Vocation"
"2024-02-04","4","international","2","Ariana Grande","yes, and?"
"2024-02-04","4","international","3","Dua Lipa","Houdini"
"2024-02-04","4","international","4","Daddy Yankee","Bonita"
"2024-02-04","4","international","5","Calvin Harris & Sam Smith","Desire"
"2024-02-04","4","international","6","KAROL G","MI EX TENÍA RAZÓN"
"2024-02-04","4","international","7","Aitana & Rels B","miamor"
"2024-02-04","4","international","8","Natti Natasha","Ya No Te Extraño"
"2024-02-04","4","international","9","Enrique Iglesias & Maria Becerra","ASI ES LA VIDA"
"2024-02-04","4","international","10","Jennifer Lopez","Can't Get Enough"
"2024-02-11","5","national","1","Charly & Johayron y Ernesto Losa","Una copia de mí"
"2024-02-11","5","national","2","Havana D' Primera & Gilberto Santa Rosa","Cu-Pr"
"2024-02-11","5","national","3","Wil Campa","Nunca Te Olvidaré"
"2024-02-11","5","national","4","Karmen Muradas","Salsa Kuduro"
"2024-02-11","5","national","5","Nesty & Diana Fuentes","Mas Que Amigos"
"2024-02-11","5","national","6","Formell y Los Van Van","Modo Van Van"
"2024-02-11","5","national","7","Papushi","Te Digo Adiós (Cumbia)"
"2024-02-11","5","national","8","Yuly y Havana C","Angel o Demonio"
"2024-02-11","5","national","9","Diana Fuentes","La Vida Es Buena"
"2024-02-11","5","national","10","LiesterM & Charanga Habanera","Muerto, frito y derretido"
"2024-02-11","5","international","1","Ozuna & David Guetta","Vocation"
"2024-02-11","5","international","2","Ariana Grande","yes, and?"
"2024-02-11","5","international","3","Dua Lipa","Houdini"
"2024-02-11","5","international","4","Daddy Yankee","Bonita"
"2024-02-11","5","international","5","Calvin Harris & Sam Smith","Desire"
"2024-02-11","5","international","6","KAROL G","MI EX TENÍA RAZÓN"
"2024-02-11","5","international","7","Aitana & Rels B","miamor"
"2024-02-11","5","international","8","Natti Natasha","Ya No Te Extraño"
"2024-02-11","5","international","9","Enrique Iglesias & Maria Becerra","ASI ES LA VIDA"
"2024-02-11","5","international","10","Jennifer Lopez","Can't Get Enough"
"2024-02-18","6","national","1","Charly & Johayron y Ernesto Losa","Una copia de mí"
"2024-02-18","6","national","2","Formell y Los Van Van","Modo Van Van"
"2024-02-18","6","national","3","Karmen Muradas","Salsa Kuduro"
"2024-02-18","6","national","4","Diana Fuentes","La Vida Es Buena"
"2024-02-18","6","national","5","Havana D' Primera & Gilberto Santa Rosa","Cu-Pr"
"2024-02-18","6","national","6","Wil Campa","Nunca Te Olvidaré"
"2024-02-18","6","national","7","Papushi","Te Digo Adiós (Cumbia)"
"2024-02-18","6","national","8","Yuly y Havana C","Angel o Demonio"
"2024-02-18","6","national","9","Charanga Latina & Joseito CG","Dile Al Amor"
"2024-02-18","6","national","10","LiesterM & Charanga Habanera","Muerto, frito y derretido"
"2024-02-18","6","international","1","Ozuna & David Guetta","Vocation"
"2024-02-18","6","international","2","Ariana Grande","yes, and?"
"2024-02-18","6","international","3","Dua Lipa","Houdini"
"2024-02-18","6","international","4","Daddy Yankee","Bonita"
"2024-02-18","6","international","5","Calvin Harris & Sam Smith","Desire"
"2024-02-18","6","international","6","Jennifer Lopez","Can't Get Enough"
"2024-02-18","6","international","7","Aitana & Rels B","miamor"
"2024-02-18","6","international","8","Natti Natasha","Ya No Te Extraño"
"2024-02-18","6","international","9","Enrique Iglesias & Maria Becerra","ASI ES LA VIDA"
"2024-02-18","6","international","10","KAROL G","MI EX TENÍA RAZÓN"
"2024-02-25","7","national","1","Charly & Johayron y Ernesto Losa","Una copia de mí"
"2024-02-25","7","national","2","Formell y Los Van Van","Modo Van Van"
"2024-02-25","7","national","3","Diana Fuentes","La Vida Es Buena"
"2024-02-25","7","national","4","Papushi","Te Digo Adiós (Cumbia)"
"2024-02-25","7","national","5","Wil Campa","Nunca Te Olvidaré"
"2024-02-25","7","national","6","Yuly y Havana C","Angel o Demonio"
"2024-02-25","7","national","7","Karmen Muradas","Salsa Kuduro"
"2024-02-25","7","national","8","Charanga Latina & Joseito CG","Dile Al Amor"
"2024-02-25","7","national","9","Rosaliz","Mi meneo"
"2024-02-25","7","national","10","Alexander Abreu y Habana D Primera","La chica del escenario"
"2024-02-25","7","international","1","Ozuna & David Guetta","Vocation"
"2024-02-25","7","international","2","Ariana Grande","yes, and?"
"2024-02-25","7","international","3","Calvin Harris & Sam Smith","Desire"
"2024-02-25","7","international","4","Daddy Yankee","Bonita"
"2024-02-25","7","international","5","Dua Lipa","Houdini"
"2024-02-25","7","international","6","Jennifer Lopez","Can't Get Enough"
"2024-02-25","7","international","7","Wisin & Pedro Capó","Himalaya"
"2024-02-25","7","international","8","Enrique Iglesias & Maria Becerra","ASI ES LA VIDA"
"2024-02-25","7","international","9","Marc Anthony","Punta Cana"
"2024-02-25","7","international","10","KAROL G & Tiësto","CONTIGO"
"2024-03-03","8","national","1","Formell y Los Van Van","Modo Van Van"
"2024-03-03","8","national","2","Diana Fuentes","La Vida Es Buena"
"2024-03-03","8","national","3","Charly & Johayron y Ernesto Losa","Una copia de mí"
"2024-03-03","8","national","4","Papushi","Te Digo Adiós (Cumbia)"
"2024-03-03","8","national","5","Rosaliz","Mi meneo"
"2024-03-03","8","national","6","Charanga Latina & Joseito CG","Dile Al Amor"
"2024-03-03","8","national","7","Alexander Abreu y Habana D Primera","La chica del escenario"
"2024-03-03","8","national","8","Wil Campa","Nunca Te Olvidaré"
"2024-03-03","8","national","9","David Calzado Y Su Charanga Habanera","Los Besos Que Te Di"
"2024-03-03","8","national","10","Karmen Muradas","Salsa Kuduro"
"2024-03-03","8","international","1","Ozuna & David Guetta","Vocation"
"2024-03-03","8","international","2","Calvin Harris & Sam Smith","Desire"
"2024-03-03","8","international","3","Ariana Grande","yes, and?"
"2024-03-03","8","international","4","Marc Anthony","Punta Cana"
"2024-03-03","8","international","5","Camilo & Evaluna Montaner","PLIS"
"2024-03-03","8","international","6","Jennifer Lopez","Can't Get Enough"
"2024-03-03","8","international","7","KAROL G & Tiësto","CONTIGO"
"2024-03-03","8","international","8","Enrique Iglesias & Maria Becerra","ASI ES LA VIDA"
"2024-03-03","8","international","9","Dua Lipa","Houdini"
"2024-03-03","8","international","10","Daddy Yankee","Bonita"
"2024-03-10","9","national","1","Formell y Los Van Van","Modo Van Van"
"2024-03-10","9","national","2","Diana Fuentes","La Vida Es Buena"
"2024-03-10","9","national","3","Papushi","Te Digo Adiós (Cumbia)"
"2024-03-10","9","national","4","Charly & Johayron y Ernesto Losa","Una copia de mí"
"2024-03-10","9","national","5","Charanga Latina & Joseito CG","Dile Al Amor"
"2024-03-10","9","national","6","Rosaliz","Mi meneo"
"2024-03-10","9","national","7","Alexander Abreu y Habana D Primera","La chica del escenario"
"2024-03-10","9","national","8","David Calzado Y Su Charanga Habanera","Los Besos Que Te Di"
"2024-03-10","9","national","9","Son Dos y Formell y los Van Van","Bailando con los Van Van"
"2024-03-10","9","national","10","Wil Campa","Nunca Te Olvidaré"
"2024-03-10","9","international","1","Ozuna & David Guetta","Vocation"
"2024-03-10","9","international","2","KAROL G & Tiësto","CONTIGO"
"2024-03-10","9","international","3","Marc Anthony","Punta Cana"
"2024-03-10","9","international","4","Ariana Grande","yes, and?"
"2024-03-10","9","international","5","Camilo & Evaluna Montaner","PLIS"
"2024-03-10","9","international","6","Calvin Harris & Sam Smith","Desire"
"2024-03-10","9","international","7","Víctor Manuelle","Otra Noche Más"
"2024-03-10","9","international","8","Jennifer Lopez","Can't Get Enough"
"2024-03-10","9","international","9","Enrique Iglesias & Maria Becerra","ASI ES LA VIDA"
"2024-03-10","9","international","10","Dua Lipa","Houdini"
"2024-03-17","10","national","1","Diana Fuentes","La Vida Es Buena"
"2024-03-17","10","national","2","Papushi","Te Digo Adiós (Cumbia)"
"2024-03-17","10","national","3","Formell y Los Van Van","Modo Van Van"
"2024-03-17","10","national","4","Charanga Latina & Joseito CG","Dile Al Amor"
"2024-03-17","10","national","5","Rosaliz","Mi meneo"
"2024-03-17","10","national","6","Charly & Johayron y Ernesto Losa","Una copia de mí"
"2024-03-17","10","national","7","Alexander Abreu y Habana D Primera","La chica del escenario"
"2024-03-17","10","national","8","David Calzado Y Su Charanga Habanera","Los Besos Que Te Di"
"2024-03-17","10","national","9","Son Dos y Formell y los Van Van","Bailando con los Van Van"
"2024-03-17","10","national","10","Cimafunk","Te tengo en salsa"
"2024-03-17","10","international","1","KAROL G & Tiësto","CONTIGO"
"2024-03-17","10","international","2","Marc Anthony","Punta Cana"
"2024-03-17","10","international","3","Ozuna & David Guetta","Vocation"
"2024-03-17","10","international","4","Camilo & Evaluna Montaner","PLIS"
"2024-03-17","10","international","5","Víctor Manuelle","Otra Noche Más"
"2024-03-17","10","international","6","Calvin Harris & Sam Smith","Desire"
"2024-03-17","10","international","7","Ariana Grande","yes, and?"
"2024-03-17","10","international","8","Jennifer Lopez","Can't Get Enough"
"2024-03-17","10","international","9","Enrique Iglesias & Maria Becerra","ASI ES LA VIDA"
"2024-03-17","10","international","10","Dua Lipa","Houdini"
"2024-03-24","11","national","1","Diana Fuentes","La Vida Es Buena"
"2024-03-24","11","national","2","Papushi","Te Digo Adiós (Cumbia)"
"2024-03-24","11","national","3","Formell y Los Van Van","Modo Van Van"
"2024-03-24","11","national","4","Charanga Latina & Joseito CG","Dile Al Amor"
"2024-03-24","11","national","5","David Calzado Y Su Charanga Habanera","Los Besos Que Te Di"
"2024-03-24","11","national","6","Charly & Johayron y Ernesto Losa","Una copia de mí"
"2024-03-24","11","national","7","Alexander Abreu y Habana D Primera","La chica del escenario"
"2024-03-24","11","national","8","Moa Rivera & Lenier","Fue Culpa De Usted"
"2024-03-24","11","national","9","Son Dos y Formell y los Van Van","Bailando con los Van Van"
"2024-03-24","11","national","10","Paulo FG","La mano de Orula"
"2024-03-24","11","international","1","Marc Anthony","Punta Cana"
"2024-03-24","11","international","2","KAROL G & Tiësto","CONTIGO"
"2024-03-24","11","international","3","Ozuna & David Guetta","Vocation"
"2024-03-24","11","international","4","Camilo & Evaluna Montaner","PLIS"
"2024-03-24","11","international","5","Víctor Manuelle","Otra Noche Más"
"2024-03-24","11","international","6","Shakira & Bizarrap","La Fuerte"
"2024-03-24","11","international","7","Dua Lipa","Training Season"
"2024-03-24","11","international","8","Ariana Grande","yes, and?"
"2024-03-24","11","international","9","Jennifer Lopez","Can't Get Enough"
"2024-03-24","11","international","10","Kygo & Ava Max","Whatever"
"2024-03-31","12","national","1","Diana Fuentes","La Vida Es Buena"
"2024-03-31","12","national","2","Papushi","Te Digo Adiós (Cumbia)"
"2024-03-31","12","national","3","Formell y Los Van Van","Modo Van Van"
"2024-03-31","12","national","4","Charanga Latina & Joseito CG","Dile Al Amor"
"2024-03-31","12","national","5","David Calzado Y Su Charanga Habanera","Los Besos Que Te Di"
"2024-03-31","12","national","6","Charly & Johayron y Ernesto Losa","Una copia de mí"
"2024-03-31","12","national","7","Alexander Abreu y Habana D Primera","La chica del escenario"
"2024-03-31","12","national","8","Moa Rivera & Lenier","Fue Culpa De Usted"
"2024-03-31","12","national","9","Paulo FG","La mano de Orula"
"2024-03-31","12","national","10","Formell y Los Van Van","Bla, Bla, Bla"
"2024-03-31","12","international","1","Marc Anthony","Punta Cana"
"2024-03-31","12","international","2","KAROL G & Tiësto","CONTIGO"
"2024-03-31","12","international","3","Ozuna & David Guetta","Vocation"
"2024-03-31","12","international","4","Camilo & Evaluna Montaner","PLIS"
"2024-03-31","12","international","5","Víctor Manuelle","Otra Noche Más"
"2024-03-31","12","international","6","Shakira & Bizarrap","La Fuerte"
"2024-03-31","12","international","7","Dua Lipa","Training Season"
"2024-03-31","12","international","8","Ariana Grande","yes, and?"
"2024-03-31","12","international","9","Kygo & Ava Max","Whatever"
"2024-03-31","12","international","10","Jennifer Lopez","Can't Get Enough"
"2024-04-07","13","national","1","Diana Fuentes","La Vida Es Buena"
"2024-04-07","13","national","2","Papushi","Te Digo Adiós (Cumbia)"
"2024-04-07","13","national","3","Leoni Torres & Eddy K & Mauro El Codigo Secreto","El Amor Que Espere"
"2024-04-07","13","national","4","Charanga Latina & Joseito CG","Dile Al Amor"
"2024-04-07","13","national","5","David Calzado Y Su Charanga Habanera","Los Besos Que Te Di"
"2024-04-07","13","national","6","Charly & Johayron y Ernesto Losa","Una copia de mí"
"2024-04-07","13","national","7","Alexander Abreu y Habana D Primera","La chica del escenario"
"2024-04-07","13","national","8","Moa Rivera & Lenier","Fue Culpa De Usted"
"2024-04-07","13","national","9","Paulo FG","La mano de Orula"
"2024-04-07","13","national","10","Divan & Ernesto Losa","No Te Instales"
"2024-04-07","13","international","1","Marc Anthony","Punta Cana"
"2024-04-07","13","international","2","KAROL G & Tiësto","CONTIGO"
"2024-04-07","13","international","3","Ozuna & David Guetta","Vocation"
"2024-04-07","13","international","4","Feid & ATL Jacob","LUNA"
"2024-04-07","13","international","5","Shakira & Bizarrap","La Fuerte"
"2024-04-07","13","international","6","Camilo & Evaluna Montaner","PLIS"
"2024-04-07","13","international","7","Dua Lipa","Training Season"
"2024-04-07","13","international","8","Shakira & Cardi B","Puntería"
"2024-04-07","13","international","9","Ariana Grande","yes, and?"
"2024-04-07","13","international","10","Pharrell Williams & Miley Cyrus","Doctor (Work It Out)"
"2024-04-14","14","national","1","Diana Fuentes","La Vida Es Buena"
"2024-04-14","14","national","2","Papushi","Te Digo Adiós (Cumbia)"
"2024-04-14","14","national","3","Leoni Torres & Eddy K & Mauro El Codigo Secreto","El Amor Que Espere"
"2024-04-14","14","national","4","Charanga Latina & Joseito CG","Dile Al Amor"
"2024-04-14","14","national","5","La India & Jacob Forever","Fuera Fuera"
"2024-04-14","14","national","6","Divan & Ernesto Losa","No Te Instales"
"2024-04-14","14","national","7","Charly & Johayron y Ernesto Losa","Una copia de mí"
"2024-04-14","14","national","8","Moa Rivera & Lenier","Fue Culpa De Usted"
"2024-04-14","14","national","9","Paulo FG","La mano de Orula"
"2024-04-14","14","national","10","Alexander Abreu y Habana D Primera","La chica del escenario"
"2024-04-14","14","international","1","Marc Anthony","Punta Cana"
"2024-04-14","14","international","2","Benson Boone","Beautiful Things"
"2024-04-14","14","international","3","KAROL G & Tiësto","CONTIGO"
"2024-04-14","14","international","4","Ozuna & David Guetta","Vocation"
"2024-04-14","14","international","5","Shakira & Bizarrap","La Fuerte"
"2024-04-14","14","international","6","Kygo & Ava Max","Whatever"
"2024-04-14","14","international","7","Dua Lipa","Training Season"
"2024-04-14","14","international","8","Shakira & Cardi B","Puntería"
"2024-04-14","14","international","9","Camilo & Evaluna Montaner","PLIS"
"2024-04-14","14","international","10","Ariana Grande","yes, and?"
"2024-04-21","15","national","1","Leoni Torres & Eddy K & Mauro El Codigo Secreto","El Amor Que Espere"
"2024-04-21","15","national","2","Diana Fuentes","La Vida Es Buena"
"2024-04-21","15","national","3","Papushi","Te Digo Adiós (Cumbia)"
"2024-04-21","15","national","4","Divan & Ernesto Losa","No Te Instales"
"2024-04-21","15","national","5","La India & Jacob Forever","Fuera Fuera"
"2024-04-21","15","national","6","Formell y Los Van Van","Bla, Bla, Bla"
"2024-04-21","15","national","7","Charly & Johayron y Ernesto Losa","Una copia de mí"
"2024-04-21","15","national","8","Moa Rivera & Lenier","Fue Culpa De Usted"
"2024-04-21","15","national","9","Paulo FG","La mano de Orula"
"2024-04-21","15","national","10","Alexander Abreu & Velito el bufón","Silencio (Remix)"
"2024-04-21","15","international","1","Shakira & Cardi B","Puntería"
"2024-04-21","15","international","2","Benson Boone","Beautiful Things"
"2024-04-21","15","international","3","Marc Anthony","Punta Cana"
"2024-04-21","15","international","4","KAROL G & Tiësto","CONTIGO"
"2024-04-21","15","international","5","Ozuna & David Guetta","Vocation"
"2024-04-21","15","international","6","Kygo & Ava Max","Whatever"
"2024-04-21","15","international","7","Pharrell Williams & Miley Cyrus","Doctor (Work It Out)"
"2024-04-21","15","international","8","Dua Lipa","Training Season"
"2024-04-21","15","international","9","Camilo & Evaluna Montaner","PLIS"
"2024-04-21","15","international","10","Beyoncé","TEXAS HOLD 'EM"
"2024-04-28","16","national","1","Leoni Torres & Eddy K & Mauro El Codigo Secreto","El Amor Que Espere"
"2024-04-28","16","national","2","Diana Fuentes","La Vida Es Buena"
"2024-04-28","16","national","3","Divan & Ernesto Losa","No Te Instales"
"2024-04-28","16","national","4","La India & Jacob Forever","Fuera Fuera"
"2024-04-28","16","national","5","Papushi","Te Digo Adiós (Cumbia)"
"2024-04-28","16","national","6","Formell y Los Van Van","Bla, Bla, Bla"
"2024-04-28","16","national","7","Charly & Johayron y Ernesto Losa","Una copia de mí"
"2024-04-28","16","national","8","Moa Rivera & Lenier","Fue Culpa De Usted"
"2024-04-28","16","national","9","Paulo FG","La mano de Orula"
"2024-04-28","16","national","10","Alexander Abreu & Velito el bufón","Silencio (Remix)"
"2024-04-28","16","international","1","Shakira & Cardi B","Puntería"
"2024-04-28","16","international","2","Benson Boone","Beautiful Things"
"2024-04-28","16","international","3","KAROL G & Tiësto","CONTIGO"
"2024-04-28","16","international","4","Marc Anthony","Punta Cana"
"2024-04-28","16","international","5","Ozuna & David Guetta","Vocation"
"2024-04-28","16","international","6","Kygo & Ava Max","Whatever"
"2024-04-28","16","international","7","Pharrell Williams & Miley Cyrus","Doctor (Work It Out)"
"2024-04-28","16","international","8","Beyoncé","TEXAS HOLD 'EM"
"2024-04-28","16","international","9","Dua Lipa","Training Season"
"2024-04-28","16","international","10","Camilo & Evaluna Montaner","PLIS"
"2024-05-05","17","national","1","Leoni Torres & Eddy K & Mauro El Codigo Secreto","El Amor Que Espere"
"2024-05-05","17","national","2","Divan & Ernesto Losa","No Te Instales"
"2024-05-05","17","national","3","Diana Fuentes","La Vida Es Buena"
"2024-05-05","17","national","4","La India & Jacob Forever","Fuera Fuera"
"2024-05-05","17","national","5","Papushi","Te Digo Adiós (Cumbia)"
"2024-05-05","17","national","6","Formell y Los Van Van","Bla, Bla, Bla"
"2024-05-05","17","national","7","Charly & Johayron y Ernesto Losa","Una copia de mí"
"2024-05-05","17","national","8","Moa Rivera & Lenier","Fue Culpa De Usted"
"2024-05-05","17","national","9","Alexander Abreu & Velito el bufón","Silencio (Remix)"
"2024-05-05","17","national","10","Wil Campa","Las Redes"
"2024-05-05","17","international","1","Taylor Swift & Post Malone","Fortnight (CYRIL REMIX)"
"2024-05-05","17","international","2","Shakira & Cardi B","Puntería"
"2024-05-05","17","international","3","Benson Boone","Beautiful Things"
"2024-05-05","17","international","4","Marc Anthony","Ale Ale"
"2024-05-05","17","international","5","KAROL G & Tiësto","CONTIGO"
"2024-05-05","17","international","6","Kygo & Ava Max","Whatever"
"2024-05-05","17","international","7","Ozuna & David Guetta","Vocation"
"2024-05-05","17","international","8","Pharrell Williams & Miley Cyrus","Doctor (Work It Out)"
"2024-05-05","17","international","9","Beyoncé","TEXAS HOLD 'EM"
"2024-05-05","17","international","10","Luis Fonsi & Laura Pausini","Roma"
"2024-05-12","18","national","1","Leoni Torres & Eddy K & Mauro El Codigo Secreto","El Amor Que Espere"
"2024-05-12","18","national","2","Divan & Ernesto Losa","No Te Instales"
"2024-05-12","18","national","3","La India & Jacob Forever","Fuera Fuera"
"2024-05-12","18","national","4","Diana Fuentes","La Vida Es Buena"
"2024-05-12","18","national","5","Formell y Los Van Van","Bla, Bla, Bla"
"2024-05-12","18","national","6","Alexander Abreu & Velito el bufón","Silencio (Remix)"
"2024-05-12","18","national","7","Elito Revé Y Su Charangón & El Dray","El WhatsApp"
"2024-05-12","18","national","8","Moa Rivera & Lenier","Fue Culpa De Usted"
"2024-05-12","18","national","9","Los 4","Nada Sin Ti"
"2024-05-12","18","national","10","Wil Campa","Las Redes"
"2024-05-12","18","international","1","Taylor Swift & Post Malone","Fortnight (CYRIL REMIX)"
"2024-05-12","18","international","2","Shakira & Cardi B","Puntería"
"2024-05-12","18","international","3","Benson Boone","Beautiful Things"
"2024-05-12","18","international","4","Marc Anthony","Ale Ale"
"2024-05-12","18","international","5","KAROL G & Tiësto","CONTIGO"
"2024-05-12","18","international","6","Kygo & Ava Max","Whatever"
"2024-05-12","18","international","7","Ozuna & David Guetta","Vocation"
"2024-05-12","18","international","8","Pharrell Williams & Miley Cyrus","Doctor (Work It Out)"
"2024-05-12","18","international","9","Luis Fonsi & Laura Pausini","Roma"
"2024-05-12","18","international","10","Beyoncé","TEXAS HOLD 'EM"
"2024-05-19","19","national","1","Divan & Ernesto Losa","No Te Instales"
"2024-05-19","19","national","2","Leoni Torres & Eddy K & Mauro El Codigo Secreto","El Amor Que Espere"
"2024-05-19","19","national","3","La India & Jacob Forever","Fuera Fuera"
"2024-05-19","19","national","4","Diana Fuentes","La Vida Es Buena"
"2024-05-19","19","national","5","Formell y Los Van Van","Bla, Bla, Bla"
"2024-05-19","19","national","6","Alexander Abreu & Velito el bufón","Silencio (Remix)"
"2024-05-19","19","national","7","Elito Revé Y Su Charangón & El Dray","El WhatsApp"
"2024-05-19","19","national","8","Los 4","Nada Sin Ti"
"2024-05-19","19","national","9","Wil Campa","Las Redes"
"2024-05-19","19","national","10","Moa Rivera & Lenier","Fue Culpa De Usted"
"2024-05-19","19","international","1","Taylor Swift & Post Malone","Fortnight (CYRIL REMIX)"
"2024-05-19","19","international","2","Shakira & Cardi B","Puntería"
"2024-05-19","19","international","3","Benson Boone","Beautiful Things"
"2024-05-19","19","international","4","Marc Anthony","Ale Ale"
"2024-05-19","19","international","5","KAROL G & Tiësto","CONTIGO"
"2024-05-19","19","international","6","Kygo & Ava Max","Whatever"
"2024-05-19","19","international","7","Camilo & Carin Leon","Una Vida Pasada"
"2024-05-19","19","international","8","Pharrell Williams & Miley Cyrus","Doctor (Work It Out)"
"2024-05-19","19","international","9","Luis Fonsi & Laura Pausini","Roma"
"2024-05-19","19","international","10","Beyoncé","TEXAS HOLD 'EM"
"2024-06-09","20","national","1","Divan & Ernesto Losa","No Te Instales"
"2024-06-09","20","national","2","Leoni Torres & Eddy K & Mauro El Codigo Secreto","El Amor Que Espere"
"2024-06-09","20","national","3","La India & Jacob Forever","Fuera Fuera"
"2024-06-09","20","national","4","Diana Fuentes","La Vida Es Buena"
"2024-06-09","20","national","5","Formell y Los Van Van","Bla, Bla, Bla"
"2024-06-09","20","national","6","Alexander Abreu & Velito el bufón","Silencio (Remix)"
"2024-06-09","20","national","7","Elito Revé Y Su Charangón & El Dray","El WhatsApp"
"2024-06-09","20","national","8","Los 4","Nada Sin Ti"
"2024-06-09","20","national","9","Wil Campa","Las Redes"
"2024-06-09","20","national","10","Moa Rivera & Lenier","Fue Culpa De Usted"
"2024-06-09","20","international","1","Taylor Swift & Post Malone","Fortnight (CYRIL REMIX)"
"2024-06-09","20","international","2","Shakira & Cardi B","Puntería"
"2024-06-09","20","international","3","Benson Boone","Beautiful Things"
"2024-06-09","20","international","4","Marc Anthony","Ale Ale"
"2024-06-09","20","international","5","KAROL G & Tiësto","CONTIGO"
"2024-06-09","20","international","6","Kygo & Ava Max","Whatever"
"2024-06-09","20","international","7","Camilo & Carin Leon","Una Vida Pasada"
"2024-06-09","20","international","8","Pharrell Williams & Miley Cyrus","Doctor (Work It Out)"
"2024-06-09","20","international","9","Luis Fonsi & Laura Pausini","Roma"
"2024-06-09","20","international","10","Beyoncé","TEXAS HOLD 'EM"
"2024-06-30","23","national","1","Divan & Ernesto Losa","No Te Instales"
"2024-06-30","23","national","2","Leoni Torres & Eddy K & Mauro El Codigo Secreto","El Amor Que Espere"
"2024-06-30","23","national","3","Diana Fuentes","La Vida Es Buena"
"2024-06-30","23","national","4","La India & Jacob Forever","Fuera Fuera"
"2024-06-30","23","national","5","Elito Revé Y Su Charangón & El Dray","El WhatsApp"
"2024-06-30","23","national","6","Los 4","Nada Sin Ti"
"2024-06-30","23","national","7","Wil Campa","Las Redes"
"2024-06-30","23","national","8","Formell y Los Van Van","Bla, Bla, Bla"
"2024-06-30","23","national","9","Alexander Abreu & Velito el bufón","Silencio (Remix)"
"2024-06-30","23","national","10","Moa Rivera & Lenier","Fue Culpa De Usted"
"2024-06-30","23","international","1","Shakira & Cardi B","Puntería"
"2024-06-30","23","international","2","Marc Anthony","Ale Ale"
"2024-06-30","23","international","3","Taylor Swift & Post Malone","Fortnight (CYRIL REMIX)"
"2024-06-30","23","international","4","Benson Boone","Beautiful Things"
"2024-06-30","23","international","5","Luis Fonsi & Laura Pausini","Roma"
"2024-06-30","23","international","6","Pharrell Williams & Miley Cyrus","Doctor (Work It Out)"
"2024-06-30","23","international","7","Kygo & Ava Max","Whatever"
"2024-06-30","23","international","8","Beyoncé","TEXAS HOLD 'EM"
"2024-06-30","23","international","9","KAROL G & Tiësto","CONTIGO"
"2024-06-30","23","international","10","Camilo & Alexander Abreu & Havana D'Primera","Sálvame"
"2024-07-14","24","national","1","La India & Jacob Forever","Fuera Fuera"
"2024-07-14","24","national","2","Divan & Ernesto Losa","No Te Instales"
"2024-07-14","24","national","3","Leoni Torres & Eddy K & Mauro El Codigo Secreto","El Amor Que Espere"
"2024-07-14","24","national","4","Wil Campa","Las Redes"
"2024-07-14","24","national","5","Elito Revé Y Su Charangón & El Dray","El WhatsApp"
"2024-07-14","24","national","6","Formell y Los Van Van","Bla, Bla, Bla"
"2024-07-14","24","national","7","Alexander Abreu & Velito el bufón","Silencio (Remix)"
"2024-07-14","24","national","8","Cimafunk & Monsieur Periné","Catalina"
"2024-07-14","24","national","9","Diana Fuentes","La Vida Es Buena"
"2024-07-14","24","national","10","Moa Rivera & Lenier","Fue Culpa De Usted"
"2024-07-14","24","international","1","Shakira & Cardi B","Puntería"
"2024-07-14","24","international","2","Taylor Swift & Post Malone","Fortnight (CYRIL REMIX)"
"2024-07-14","24","international","3","Marc Anthony","Ale Ale"
"2024-07-14","24","international","4","Luis Fonsi & Laura Pausini","Roma"
"2024-07-14","24","international","5","Benson Boone","Beautiful Things"
"2024-07-14","24","international","6","Pharrell Williams & Miley Cyrus","Doctor (Work It Out)"
"2024-07-14","24","international","7","Kygo & Ava Max","Whatever"
"2024-07-14","24","international","8","Sabrina Carpenter","Espresso"
"2024-07-14","24","international","9","Camilo & Alexander Abreu & Havana D'Primera","Sálvame"
"2024-07-14","24","international","10","KAROL G & Tiësto","CONTIGO"
"2024-07-28","25","national","1","La India & Jacob Forever","Fuera Fuera"
"2024-07-28","25","national","2","Divan & Ernesto Losa","No Te Instales"
"2024-07-28","25","national","3","Cimafunk & Monsieur Periné","Catalina"
"2024-07-28","25","national","4","Leoni Torres & Eddy K & Mauro El Codigo Secreto","El Amor Que Espere"
"2024-07-28","25","national","5","Elito Revé Y Su Charangón & El Dray","El WhatsApp"
"2024-07-28","25","national","6","Wil Campa","Las Redes"
"2024-07-28","25","national","7","Alexander Abreu & Velito el bufón","Silencio (Remix)"
"2024-07-28","25","national","8","Formell y Los Van Van","Bla, Bla, Bla"
"2024-07-28","25","national","9","Bryan Sanchez","Cuéntale"
"2024-07-28","25","national","10","Charanga Latina & Joseito CG","Dile Al Amor"
"2024-07-28","25","international","1","Shakira & Cardi B","Puntería"
"2024-07-28","25","international","2","Taylor Swift & Post Malone","Fortnight (CYRIL REMIX)"
"2024-07-28","25","international","3","Luis Fonsi & Laura Pausini","Roma"
"2024-07-28","25","international","4","Marc Anthony","Ale Ale"
"2024-07-28","25","international","5","Sabrina Carpenter","Espresso"
"2024-07-28","25","international","6","Camilo & Alexander Abreu & Havana D'Primera","Sálvame"
"2024-07-28","25","international","7","Pharrell Williams & Miley Cyrus","Doctor (Work It Out)"
"2024-07-28","25","international","8","Rauw Alejandro","Touching The Sky"
"2024-07-28","25","international","9","Benson Boone","Beautiful Things"
"2024-07-28","25","international","10","KAROL G","Si Antes Te Hubiera Conocido"
"2024-08-04","26","national","1","Cimafunk & Monsieur Periné","Catalina"
"2024-08-04","26","national","2","Divan & Ernesto Losa","No Te Instales"
"2024-08-04","26","national","3","Alexander Abreu & Velito el bufón","Silencio (Remix)"
"2024-08-04","26","national","4","Elito Revé Y Su Charangón & El Dray","El WhatsApp"
"2024-08-04","26","national","5","Leoni Torres & Eddy K & Mauro El Codigo Secreto","El Amor Que Espere"
"2024-08-04","26","national","6","La India & Jacob Forever","Fuera Fuera"
"2024-08-04","26","national","7","Charanga Latina & Joseito CG","Dile Al Amor"
"2024-08-04","26","national","8","Alain Pérez","La Lámpara"
"2024-08-04","26","national","9","Bryan Sanchez","Cuéntale"
"2024-08-04","26","national","10","Wil Campa","Las Redes"
"2024-08-04","26","international","1","Sabrina Carpenter","Espresso"
"2024-08-04","26","international","2","Taylor Swift & Post Malone","Fortnight (CYRIL REMIX)"
"2024-08-04","26","international","3","Rauw Alejandro","Touching The Sky"
"2024-08-04","26","international","4","Camilo & Alexander Abreu & Havana D'Primera","Sálvame"
"2024-08-04","26","international","5","KAROL G","Si Antes Te Hubiera Conocido"
"2024-08-04","26","international","6","Shakira & Cardi B","Puntería"
"2024-08-04","26","international","7","Dua Lipa","Illusion"
"2024-08-04","26","international","8","Marc Anthony","Ale Ale"
"2024-08-04","26","international","9","Feid & ATL Jacob","LUNA"
"2024-08-04","26","international","10","Luis Fonsi & Laura Pausini","Roma"
"2024-08-11","27","national","1","Cimafunk & Monsieur Periné","Catalina"
"2024-08-11","27","national","2","Alexander Abreu & Velito el bufón","Silencio (Remix)"
"2024-08-11","27","national","3","Divan & Ernesto Losa","No Te Instales"
"2024-08-11","27","national","4","Elito Revé Y Su Charangón & El Dray","El WhatsApp"
"2024-08-11","27","national","5","Alain Pérez","La Lámpara"
"2024-08-11","27","national","6","Leoni Torres & Eddy K & Mauro El Codigo Secreto","El Amor Que Espere"
"2024-08-11","27","national","7","Charanga Latina & Joseito CG","Dile Al Amor"
"2024-08-11","27","national","8","Manolin El Medico de la Salsa & Formula B","La Calentura"
"2024-08-11","27","national","9","La India & Jacob Forever","Fuera Fuera"
"2024-08-11","27","national","10","Bryan Sanchez","Cuéntale"
"2024-08-11","27","international","1","Sabrina Carpenter","Espresso"
"2024-08-11","27","international","2","Rauw Alejandro","Touching The Sky"
"2024-08-11","27","international","3","Camilo & Alexander Abreu & Havana D'Primera","Sálvame"
"2024-08-11","27","international","4","KAROL G","Si Antes Te Hubiera Conocido"
"2024-08-11","27","international","5","Taylor Swift & Post Malone","Fortnight (CYRIL REMIX)"
"2024-08-11","27","international","6","Dua Lipa","Illusion"
"2024-08-11","27","international","7","Feid & ATL Jacob","LUNA"
"2024-08-11","27","international","8","Becky Hill","Outside Of Love"
"2024-08-11","27","international","9","Shakira & Cardi B","Puntería"
"2024-08-11","27","international","10","Marc Anthony","Ale Ale"
"2024-08-18","28","national","1","Cimafunk & Monsieur Periné","Catalina"
"2024-08-18","28","national","2","Alexander Abreu & Velito el bufón","Silencio (Remix)"
"2024-08-18","28","national","3","Elito Revé Y Su Charangón & El Dray","El WhatsApp"
"2024-08-18","28","national","4","Divan & Ernesto Losa","No Te Instales"
"2024-08-18","28","national","5","Alain Pérez","La Lámpara"
"2024-08-18","28","national","6","Charanga Latina & Joseito CG","Dile Al Amor"
"2024-08-18","28","national","7","Manolin El Medico de la Salsa & Formula B","La Calentura"
"2024-08-18","28","national","8","Leoni Torres & Eddy K & Mauro El Codigo Secreto","El Amor Que Espere"
"2024-08-18","28","national","9","Charly & Johayron & Baby Cortés & Ernesto Losa","La Persona Correcta"
"2024-08-18","28","national","10","La India & Jacob Forever","Fuera Fuera"
"2024-08-18","28","international","1","Sabrina Carpenter","Espresso"
"2024-08-18","28","international","2","Rauw Alejandro","Touching The Sky"
"2024-08-18","28","international","3","KAROL G","Si Antes Te Hubiera Conocido"
"2024-08-18","28","international","4","Camilo & Alexander Abreu & Havana D'Primera","Sálvame"
"2024-08-18","28","international","5","Feid & ATL Jacob","LUNA"
"2024-08-18","28","international","6","Dua Lipa","Illusion"
"2024-08-18","28","international","7","Becky Hill","Outside Of Love"
"2024-08-18","28","international","8","Taylor Swift & Post Malone","Fortnight (CYRIL REMIX)"
"2024-08-18","28","international","9","Luck Ra & Maluma & KHEA","HOLA PERDIDA REMIX"
"2024-08-18","28","international","10","Shakira & Cardi B","Puntería"
"2024-08-25","29","national","1","Cimafunk & Monsieur Periné","Catalina"
"2024-08-25","29","national","2","Alexander Abreu & Velito el bufón","Silencio (Remix)"
"2024-08-25","29","national","3","Alain Pérez","La Lámpara"
"2024-08-25","29","national","4","Elito Revé Y Su Charangón & El Dray","El WhatsApp"
"2024-08-25","29","national","5","Divan & Ernesto Losa","No Te Instales"
"2024-08-25","29","national","6","Manolin El Medico de la Salsa & Formula B","La Calentura"
"2024-08-25","29","national","7","Charly & Johayron & Baby Cortés & Ernesto Losa","La Persona Correcta"
"2024-08-25","29","national","8","Charanga Latina & Joseito CG","Dile Al Amor"
"2024-08-25","29","national","9","Gitanos","Fiestando"
"2024-08-25","29","national","10","Leoni Torres & Eddy K & Mauro El Codigo Secreto","El Amor Que Espere"
"2024-08-25","29","international","1","Sabrina Carpenter","Espresso"
"2024-08-25","29","international","2","KAROL G","Si Antes Te Hubiera Conocido"
"2024-08-25","29","international","3","Feid & ATL Jacob","LUNA"
"2024-08-25","29","international","4","Camilo & Alexander Abreu & Havana D'Primera","Sálvame"
"2024-08-25","29","international","5","Rauw Alejandro","Touching The Sky"
"2024-08-25","29","international","6","Dua Lipa","Illusion"
"2024-08-25","29","international","7","Becky Hill","Outside Of Love"
"2024-08-25","29","international","8","Luck Ra & Maluma & KHEA","HOLA PERDIDA REMIX"
"2024-08-25","29","international","9","Sevdaliza & Pabllo Vittar & Yseult","Alibi"
"2024-08-25","29","international","10","Katy Perry","Woman's World"
"2024-09-01","30","national","1","Cimafunk & Monsieur Periné","Catalina"
"2024-09-01","30","national","2","Alexander Abreu & Velito el bufón","Silencio (Remix)"
"2024-09-01","30","national","3","Alain Pérez","La Lámpara"
"2024-09-01","30","national","4","Elito Revé Y Su Charangón & El Dray","El WhatsApp"
"2024-09-01","30","national","5","Manolin El Medico de la Salsa & Formula B","La Calentura"
"2024-09-01","30","national","6","Wil Campa","La Vida Bailando"
"2024-09-01","30","national","7","Charly & Johayron & Baby Cortés & Ernesto Losa","La Persona Correcta"
"2024-09-01","30","national","8","Divan & Ernesto Losa","No Te Instales"
"2024-09-01","30","national","9","Gitanos","Fiestando"
"2024-09-01","30","national","10","Charanga Latina & Joseito CG","Dile Al Amor"
"2024-09-01","30","international","1","KAROL G","Si Antes Te Hubiera Conocido"
"2024-09-01","30","international","2","Sabrina Carpenter","Espresso"
"2024-09-01","30","international","3","Feid & ATL Jacob","LUNA"
"2024-09-01","30","international","4","Dua Lipa","Illusion"
"2024-09-01","30","international","5","Sevdaliza & Pabllo Vittar & Yseult","Alibi"
"2024-09-01","30","international","6","Becky Hill","Outside Of Love"
"2024-09-01","30","international","7","Luck Ra & Maluma & KHEA","HOLA PERDIDA REMIX"
"2024-09-01","30","international","8","Camilo & Alexander Abreu & Havana D'Primera","Sálvame"
"2024-09-01","30","international","9","Rauw Alejandro","Touching The Sky"
"2024-09-01","30","international","10","Katy Perry","Woman's World"
"2024-09-08","31","national","1","Alexander Abreu & Velito el bufón","Silencio (Remix)"
"2024-09-08","31","national","2","Cimafunk & Monsieur Periné","Catalina"
"2024-09-08","31","national","3","Alain Pérez","La Lámpara"
"2024-09-08","31","national","4","Manolin El Medico de la Salsa & Formula B","La Calentura"
"2024-09-08","31","national","5","Charly & Johayron & Baby Cortés & Ernesto Losa","La Persona Correcta"
"2024-09-08","31","national","6","Elito Revé Y Su Charangón & El Dray","El WhatsApp"
"2024-09-08","31","national","7","Wil Campa","La Vida Bailando"
"2024-09-08","31","national","8","Gitanos","Fiestando"
"2024-09-08","31","national","9","Divan & Ernesto Losa","No Te Instales"
"2024-09-08","31","national","10","Charanga Latina & Joseito CG","Dile Al Amor"
"2024-09-08","31","international","1","KAROL G","Si Antes Te Hubiera Conocido"
"2024-09-08","31","international","2","Sabrina Carpenter","Espresso"
"2024-09-08","31","international","3","Dua Lipa","Illusion"
"2024-09-08","31","international","4","Feid & ATL Jacob","LUNA"
"2024-09-08","31","international","5","Becky Hill","Outside Of Love"
"2024-09-08","31","international","6","Sevdaliza & Pabllo Vittar & Yseult","Alibi"
"2024-09-08","31","international","7","Luck Ra & Maluma & KHEA","HOLA PERDIDA REMIX"
"2024-09-08","31","international","8","Katy Perry","LIFETIMES"
"2024-09-08","31","international","9","Camilo & Alexander Abreu & Havana D'Primera","Sálvame"
"2024-09-08","31","international","10","Kapo","Ohnana"
"2024-09-22","32","national","1","Alexander Abreu & Velito el bufón","Silencio (Remix)"
"2024-09-22","32","national","2","Cimafunk & Monsieur Periné","Catalina"
"2024-09-22","32","national","3","Alain Pérez","La Lámpara"
"2024-09-22","32","national","4","Charly & Johayron & Baby Cortés & Ernesto Losa","La Persona Correcta"
"2024-09-22","32","national","5","Manolin El Medico de la Salsa & Formula B","La Calentura"
"2024-09-22","32","national","6","Wil Campa","La Vida Bailando"
"2024-09-22","32","national","7","Elito Revé Y Su Charangón & El Dray","El WhatsApp"
"2024-09-22","32","national","8","Gitanos","Fiestando"
"2024-09-22","32","national","9","Divan & Ernesto Losa","No Te Instales"
"2024-09-22","32","national","10","Charanga Latina & Joseito CG","Dile Al Amor"
"2024-09-22","32","international","1","KAROL G","Si Antes Te Hubiera Conocido"
"2024-09-22","32","international","2","Dua Lipa","Illusion"
"2024-09-22","32","international","3","Sabrina Carpenter","Espresso"
"2024-09-22","32","international","4","Feid & ATL Jacob","LUNA"
"2024-09-22","32","international","5","Becky Hill","Outside Of Love"
"2024-09-22","32","international","6","Luck Ra & Maluma & KHEA","HOLA PERDIDA REMIX"
"2024-09-22","32","international","7","Katy Perry","LIFETIMES"
"2024-09-22","32","international","8","Sevdaliza & Pabllo Vittar & Yseult","Alibi"
"2024-09-22","32","international","9","Kapo","Ohnana"
"2024-09-22","32","international","10","Camilo & Alexander Abreu & Havana D'Primera","Sálvame"
"2024-10-06","33","national","1","Alexander Abreu & Velito el bufón","Silencio (Remix)"
"2024-10-06","33","national","2","Cimafunk & Monsieur Periné","Catalina"
"2024-10-06","33","national","3","Charly & Johayron & Baby Cortés & Ernesto Losa","La Persona Correcta"
"2024-10-06","33","national","4","Alain Pérez","La Lámpara"
"2024-10-06","33","national","5","David Calzado Y Su Charanga Habanera","Los Besos Que Te Di"
"2024-10-06","33","national","6","Wil Campa","La Vida Bailando"
"2024-10-06","33","national","7","Elito Revé Y Su Charangón & El Dray","El WhatsApp"
"2024-10-06","33","national","8","Gitanos","Fiestando"
"2024-10-06","33","national","9","Manolin El Medico de la Salsa & Formula B","La Calentura"
"2024-10-06","33","national","10","Divan & Ernesto Losa","No Te Instales"
"2024-10-06","33","international","1","KAROL G","Si Antes Te Hubiera Conocido"
"2024-10-06","33","international","2","Dua Lipa","Illusion"
"2024-10-06","33","international","3","Sabrina Carpenter","Espresso"
"2024-10-06","33","international","4","Katy Perry","LIFETIMES"
"2024-10-06","33","international","5","Feid & ATL Jacob","LUNA"
"2024-10-06","33","international","6","Kapo","Ohnana"
"2024-10-06","33","international","7","Manuel Turizo","Enhorabuena"
"2024-10-06","33","international","8","Becky Hill","Outside Of Love"
"2024-10-06","33","international","9","Luck Ra & Maluma & KHEA","HOLA PERDIDA REMIX"
"2024-10-06","33","international","10","Sevdaliza & Pabllo Vittar & Yseult","Alibi"
"2024-11-03","34","national","1","Alexander Abreu & Velito el bufón","Silencio (Remix)"
"2024-11-03","34","national","2","Cimafunk & Monsieur Periné","Catalina"
"2024-11-03","34","national","3","Charly & Johayron & Baby Cortés & Ernesto Losa","La Persona Correcta"
"2024-11-03","34","national","4","David Calzado Y Su Charanga Habanera","Los Besos Que Te Di"
"2024-11-03","34","national","5","Alain Pérez","La Lámpara"
"2024-11-03","34","national","6","Wil Campa","La Vida Bailando"
"2024-11-03","34","national","7","Gitanos","Fiestando"
"2024-11-03","34","national","8","Elito Revé Y Su Charangón & El Dray","El WhatsApp"
"2024-11-03","34","national","9","Manolin El Medico de la Salsa & Formula B","La Calentura"
"2024-11-03","34","national","10","Lenier & Nacho","Asi Como Yo"
"2024-11-03","34","international","1","Dua Lipa","Illusion"
"2024-11-03","34","international","2","KAROL G","Si Antes Te Hubiera Conocido"
"2024-11-03","34","international","3","Katy Perry","LIFETIMES"
"2024-11-03","34","international","4","Sabrina Carpenter","Espresso"
"2024-11-03","34","international","5","Kapo","Ohnana"
"2024-11-03","34","international","6","Manuel Turizo","Enhorabuena"
"2024-11-03","34","international","7","Feid & ATL Jacob","LUNA"
"2024-11-03","34","international","8","Lexa","Necessito"
"2024-11-03","34","international","9","Luck Ra & Maluma & KHEA","HOLA PERDIDA REMIX"
"2024-11-03","34","international","10","Becky Hill","Outside Of Love"
"2024-11-10","35","national","1","Cimafunk & Monsieur Periné","Catalina"
"2024-11-10","35","national","2","Alexander Abreu & Velito el bufón","Silencio (Remix)"
"2024-11-10","35","national","3","David Calzado Y Su Charanga Habanera","Los Besos Que Te Di"
"2024-11-10","35","national","4","Charly & Johayron & Baby Cortés & Ernesto Losa","La Persona Correcta"
"2024-11-10","35","national","5","Wil Campa","La Vida Bailando"
"2024-11-10","35","national","6","Gitanos","Fiestando"
"2024-11-10","35","national","7","Alain Pérez","La Lámpara"
"2024-11-10","35","national","8","Lenier & Nacho","Asi Como Yo"
"2024-11-10","35","national","9","Elito Revé Y Su Charangón & El Dray","El WhatsApp"
"2024-11-10","35","national","10","Manolin El Medico de la Salsa & Formula B","La Calentura"
"2024-11-10","35","international","1","Dua Lipa","Illusion"
"2024-11-10","35","international","2","Katy Perry","LIFETIMES"
"2024-11-10","35","international","3","KAROL G","Si Antes Te Hubiera Conocido"
"2024-11-10","35","international","4","Kapo","Ohnana"
"2024-11-10","35","international","5","Sabrina Carpenter","Espresso"
"2024-11-10","35","international","6","Manuel Turizo","Enhorabuena"
"2024-11-10","35","international","7","Lexa","Necessito"
"2024-11-10","35","international","8","Play-N-Skillz & Natti Natasha & Deorro","Como la flor"
"2024-11-10","35","international","9","Shakira","Soltera"
"2024-11-10","35","international","10","Feid & ATL Jacob","LUNA"
"2024-11-17","36","national","1","Cimafunk & Monsieur Periné","Catalina"
"2024-11-17","36","national","2","David Calzado Y Su Charanga Habanera","Los Besos Que Te Di"
"2024-11-17","36","national","3","Alexander Abreu & Velito el bufón","Silencio (Remix)"
"2024-11-17","36","national","4","Wil Campa","La Vida Bailando"
"2024-11-17","36","national","5","Charly & Johayron & Baby Cortés & Ernesto Losa","La Persona Correcta"
"2024-11-17","36","national","6","Gitanos","Fiestando"
"2024-11-17","36","national","7","Lenier & Nacho","Asi Como Yo"
"2024-11-17","36","national","8","Alain Pérez","La Lámpara"
"2024-11-17","36","national","9","Elito Revé Y Su Charangón & El Dray","El WhatsApp"
"2024-11-17","36","national","10","Leoni Torres & Guaynaa","Todo El Mundo Bailando"
"2024-11-17","36","international","1","Dua Lipa","Illusion"
"2024-11-17","36","international","2","Katy Perry","LIFETIMES"
"2024-11-17","36","international","3","Kapo","Ohnana"
"2024-11-17","36","international","4","KAROL G","Si Antes Te Hubiera Conocido"
"2024-11-17","36","international","5","Manuel Turizo","Enhorabuena"
"2024-11-17","36","international","6","Lexa","Necessito"
"2024-11-17","36","international","7","Play-N-Skillz & Natti Natasha & Deorro","Como la flor"
"2024-11-17","36","international","8","Shakira","Soltera"
"2024-11-17","36","international","9","Sabrina Carpenter","Espresso"
"2024-11-17","36","international","10","Rvssian & Rauw Alejandro & Ayra Starr","Santa"
"2024-12-01","37","national","1","David Calzado Y Su Charanga Habanera","Los Besos Que Te Di"
"2024-12-01","37","national","2","Cimafunk & Monsieur Periné","Catalina"
"2024-12-01","37","national","3","Alexander Abreu & Velito el bufón","Silencio (Remix)"
"2024-12-01","37","national","4","Wil Campa","La Vida Bailando"
"2024-12-01","37","national","5","Gitanos","Fiestando"
"2024-12-01","37","national","6","Charly & Johayron & Baby Cortés & Ernesto Losa","La Persona Correcta"
"2024-12-01","37","national","7","Lenier & Nacho","Asi Como Yo"
"2024-12-01","37","national","8","Leoni Torres & Guaynaa","Todo El Mundo Bailando"
"2024-12-01","37","national","9","Alain Pérez","La Lámpara"
"2024-12-01","37","national","10","Elito Revé Y Su Charangón & El Dray","El WhatsApp"
"2024-12-01","37","international","1","Katy Perry","LIFETIMES"
"2024-12-01","37","international","2","Dua Lipa","Illusion"
"2024-12-01","37","international","3","Kapo","Ohnana"
"2024-12-01","37","international","4","Lexa","Necessito"
"2024-12-01","37","international","5","Manuel Turizo","Enhorabuena"
"2024-12-01","37","international","6","Shakira","Soltera"
"2024-12-01","37","international","7","KAROL G","Si Antes Te Hubiera Conocido"
"2024-12-01","37","international","8","Lady Gaga & Bruno Mars","Die With A Smile"
"2024-12-01","37","international","9","Play-N-Skillz & Natti Natasha & Deorro","Como la flor"
"2024-12-01","37","international","10","Rvssian & Rauw Alejandro & Ayra Starr","Santa"
"2024-12-15","38","national","1","David Calzado Y Su Charanga Habanera","Los Besos Que Te Di"
"2024-12-15","38","national","2","Cimafunk & Monsieur Periné","Catalina"
"2024-12-15","38","national","3","Wil Campa","La Vida Bailando"
"2024-12-15","38","national","4","Alexander Abreu & Velito el bufón","Silencio (Remix)"
"2024-12-15","38","national","5","Leoni Torres & Guaynaa","Todo El Mundo Bailando"
"2024-12-15","38","national","6","Lenier & Nacho","Asi Como Yo"
"2024-12-15","38","national","7","Gitanos","Fiestando"
"2024-12-15","38","national","8","Charly & Johayron & Baby Cortés & Ernesto Losa","La Persona Correcta"
"2024-12-15","38","national","9","Lenier & Diana Fuentes","Y Ojalá"
"2024-12-15","38","national","10","Elito Revé Y Su Charangón & El Dray","El WhatsApp"
"2024-12-15","38","international","1","Katy Perry","LIFETIMES"
"2024-12-15","38","international","2","Kapo","Ohnana"
"2024-12-15","38","international","3","Lexa","Necessito"
"2024-12-15","38","international","4","Shakira","Soltera"
"2024-12-15","38","international","5","Manuel Turizo","Enhorabuena"
"2024-12-15","38","international","6","Dua Lipa","Illusion"
"2024-12-15","38","international","7","Lady Gaga & Bruno Mars","Die With A Smile"
"2024-12-15","38","international","8","ROSÉ & Bruno Mars","APT."
"2024-12-15","38","international","9","KAROL G","Si Antes Te Hubiera Conocido"
"2024-12-15","38","international","10","Kapo","UWAIE"
"2024-12-22","39","national","1","David Calzado Y Su Charanga Habanera","Los Besos Que Te Di"
"2024-12-22","39","national","2","Cimafunk & Monsieur Periné","Catalina"
"2024-12-22","39","national","3","Wil Campa","La Vida Bailando"
"2024-12-22","39","national","4","Leoni Torres & Guaynaa","Todo El Mundo Bailando"
"2024-12-22","39","national","5","Alexander Abreu & Velito el bufón","Silencio (Remix)"
"2024-12-22","39","national","6","Lenier & Nacho","Asi Como Yo"
"2024-12-22","39","national","7","Gitanos","Fiestando"
"2024-12-22","39","national","8","Charly & Johayron & Baby Cortés & Ernesto Losa","La Persona Correcta"
"2024-12-22","39","national","9","Lenier & Diana Fuentes","Y Ojalá"
"2024-12-22","39","national","10","Charly & Johayron & Roberto Ferrante","Bailando Suave"
"2024-12-22","39","international","1","Katy Perry","LIFETIMES"
"2024-12-22","39","international","2","Kapo","Ohnana"
"2024-12-22","39","international","3","Shakira","Soltera"
"2024-12-22","39","international","4","Lexa","Necessito"
"2024-12-22","39","international","5","ROSÉ & Bruno Mars","APT."
"2024-12-22","39","international","6","Ana Mena & Emilia","CARITA TRISTE"
"2024-12-22","39","international","7","Manuel Turizo","Enhorabuena"
"2024-12-22","39","international","8","Lady Gaga & Bruno Mars","Die With A Smile"
"2024-12-22","39","international","9","Kapo","UWAIE"
"2024-12-22","39","international","10","Dua Lipa","Illusion"
"2024-12-29","40","national","1","David Calzado Y Su Charanga Habanera","Los Besos Que Te Di"
"2024-12-29","40","national","2","Cimafunk & Monsieur Periné","Catalina"
"2024-12-29","40","national","3","Leoni Torres & Guaynaa","Todo El Mundo Bailando"
"2024-12-29","40","national","4","Wil Campa","La Vida Bailando"
"2024-12-29","40","national","5","Lenier & Nacho","Asi Como Yo"
"2024-12-29","40","national","6","Alexander Abreu & Velito el bufón","Silencio (Remix)"
"2024-12-29","40","national","7","Lenier & Diana Fuentes","Y Ojalá"
"2024-12-29","40","national","8","Charly & Johayron & Roberto Ferrante","Bailando Suave"
"2024-12-29","40","national","9","Gitanos","Fiestando"
"2024-12-29","40","national","10","Charly & Johayron & Baby Cortés & Ernesto Losa","La Persona Correcta"
"2024-12-29","40","international","1","Katy Perry","LIFETIMES"
"2024-12-29","40","international","2","Shakira","Soltera"
"2024-12-29","40","international","3","Kapo","Ohnana"
"2024-12-29","40","international","4","ROSÉ & Bruno Mars","APT."
"2024-12-29","40","international","5","Lexa","Necessito"
"2024-12-29","40","international","6","Ana Mena & Emilia","CARITA TRISTE"
"2024-12-29","40","international","7","Kapo","UWAIE"
"2024-12-29","40","international","8","Lady Gaga & Bruno Mars","Die With A Smile"
"2024-12-29","40","international","9","Manuel Turizo","Enhorabuena"
"2024-12-29","40","international","10","Hugel & J Balvin & Ellie Goulding & Topic & Arash & Daecolm","I Adore You"
"2025-01-12","1","national","1","Leoni Torres & Guaynaa","Todo El Mundo Bailando"
"2025-01-12","1","national","2","David Calzado Y Su Charanga Habanera","Los Besos Que Te Di"
"2025-01-12","1","national","3","Cimafunk & Monsieur Periné","Catalina"
"2025-01-12","1","national","4","Lenier & Nacho","Asi Como Yo"
"2025-01-12","1","national","5","Wil Campa","La Vida Bailando"
"2025-01-12","1","national","6","Lenier & Diana Fuentes","Y Ojalá"
"2025-01-12","1","national","7","Charly & Johayron & Roberto Ferrante","Bailando Suave"
"2025-01-12","1","national","8","Alexander Abreu & Velito el bufón","Silencio (Remix)"
"2025-01-12","1","national","9","Leoni Torres","Por Tu Culpa"
"2025-01-12","1","national","10","Gitanos","Fiestando"
"2025-01-12","1","international","1","Shakira","Soltera"
"2025-01-12","1","international","2","Katy Perry","LIFETIMES"
"2025-01-12","1","international","3","ROSÉ & Bruno Mars","APT."
"2025-01-12","1","international","4","Ana Mena & Emilia","CARITA TRISTE"
"2025-01-12","1","international","5","Kapo","UWAIE"
"2025-01-12","1","international","6","Lady Gaga & Bruno Mars","Die With A Smile"
"2025-01-12","1","international","7","Kapo","Ohnana"
"2025-01-12","1","international","8","Lexa","Necessito"
"2025-01-12","1","international","9","Tito El Bambino & Silvestre Dangond","¿Dónde Estabas?"
"2025-01-12","1","international","10","Hugel & J Balvin & Ellie Goulding & Topic & Arash & Daecolm","I Adore You"
"2025-01-26","2","national","1","Leoni Torres & Guaynaa","Todo El Mundo Bailando"
"2025-01-26","2","national","2","David Calzado Y Su Charanga Habanera","Los Besos Que Te Di"
"2025-01-26","2","national","3","Lenier & Nacho","Asi Como Yo"
"2025-01-26","2","national","4","Cimafunk & Monsieur Periné","Catalina"
"2025-01-26","2","national","5","Lenier & Diana Fuentes","Y Ojalá"
"2025-01-26","2","national","6","Charly & Johayron & Roberto Ferrante","Bailando Suave"
"2025-01-26","2","national","7","Leoni Torres","Por Tu Culpa"
"2025-01-26","2","national","8","Wil Campa","La Vida Bailando"
"2025-01-26","2","national","9","Alexander Abreu & Velito el bufón","Silencio (Remix)"
"2025-01-26","2","national","10","Gitanos","Fiestando"
"2025-01-26","2","international","1","Shakira","Soltera"
"2025-01-26","2","international","2","ROSÉ & Bruno Mars","APT."
"2025-01-26","2","international","3","Katy Perry","LIFETIMES"
"2025-01-26","2","international","4","Ana Mena & Emilia","CARITA TRISTE"
"2025-01-26","2","international","5","Kapo","UWAIE"
"2025-01-26","2","international","6","Lady Gaga & Bruno Mars","Die With A Smile"
"2025-01-26","2","international","7","Tito El Bambino & Silvestre Dangond","¿Dónde Estabas?"
"2025-01-26","2","international","8","Lexa","Necessito"
"2025-01-26","2","international","9","Hugel & J Balvin & Ellie Goulding & Topic & Arash & Daecolm","I Adore You"
"2025-01-26","2","international","10","Kapo","Ohnana"
"2025-02-02","3","national","1","Leoni Torres & Guaynaa","Todo El Mundo Bailando"
"2025-02-02","3","national","2","Lenier & Nacho","Asi Como Yo"
"2025-02-02","3","national","3","David Calzado Y Su Charanga Habanera","Los Besos Que Te Di"
"2025-02-02","3","national","4","Lenier & Diana Fuentes","Y Ojalá"
"2025-02-02","3","national","5","Charly & Johayron & Roberto Ferrante","Bailando Suave"
"2025-02-02","3","national","6","Cimafunk & Monsieur Periné","Catalina"
"2025-02-02","3","national","7","Leoni Torres","Por Tu Culpa"
"2025-02-02","3","national","8","Nesty & Guaynaa","Orgullo"
"2025-02-02","3","national","9","Srta. Dayana","Bonita"
"2025-02-02","3","national","10","Wil Campa","La Vida Bailando"
"2025-02-02","3","international","1","ROSÉ & Bruno Mars","APT."
"2025-02-02","3","international","2","Shakira","Soltera"
"2025-02-02","3","international","3","Ana Mena & Emilia","CARITA TRISTE"
"2025-02-02","3","international","4","Kapo","UWAIE"
"2025-02-02","3","international","5","Lady Gaga & Bruno Mars","Die With A Smile"
"2025-02-02","3","international","6","Katy Perry","LIFETIMES"
"2025-02-02","3","international","7","Tito El Bambino & Silvestre Dangond","¿Dónde Estabas?"
"2025-02-02","3","international","8","Hugel & J Balvin & Ellie Goulding & Topic & Arash & Daecolm","I Adore You"
"2025-02-02","3","international","9","Lexa","Necessito"
"2025-02-02","3","international","10","Maluma","Cosas Pendientes"
"2025-02-09","4","national","1","Leoni Torres & Guaynaa","Todo El Mundo Bailando"
"2025-02-09","4","national","2","Lenier & Nacho","Asi Como Yo"
"2025-02-09","4","national","3","Lenier & Diana Fuentes","Y Ojalá"
"2025-02-09","4","national","4","Charly & Johayron & Roberto Ferrante","Bailando Suave"
"2025-02-09","4","national","5","David Calzado Y Su Charanga Habanera","Los Besos Que Te Di"
"2025-02-09","4","national","6","Leoni Torres","Por Tu Culpa"
"2025-02-09","4","national","7","Nesty & Guaynaa","Orgullo"
"2025-02-09","4","national","8","Srta. Dayana","Bonita"
"2025-02-09","4","national","9","Cimafunk & Monsieur Periné","Catalina"
"2025-02-09","4","national","10","Len Mikay & Leoni Torres","Un Clásico"
"2025-02-09","4","international","1","ROSÉ & Bruno Mars","APT."
"2025-02-09","4","international","2","Ana Mena & Emilia","CARITA TRISTE"
"2025-02-09","4","international","3","Shakira","Soltera"
"2025-02-09","4","international","4","Kapo","UWAIE"
"2025-02-09","4","international","5","Lady Gaga & Bruno Mars","Die With A Smile"
"2025-02-09","4","international","6","Tito El Bambino & Silvestre Dangond","¿Dónde Estabas?"
"2025-02-09","4","international","7","Katy Perry","LIFETIMES"
"2025-02-09","4","international","8","Maluma","Cosas Pendientes"
"2025-02-09","4","international","9","Lexa","Necessito"
"2025-02-09","4","international","10","Elena Rose & Maria Becerra","Pa’ Qué Volviste?"
"2025-02-23","5","national","1","Leoni Torres & Guaynaa","Todo El Mundo Bailando"
"2025-02-23","5","national","2","Lenier & Nacho","Asi Como Yo"
"2025-02-23","5","national","3","Leoni Torres","Por Tu Culpa"
"2025-02-23","5","national","4","Lenier & Diana Fuentes","Y Ojalá"
"2025-02-23","5","national","5","Charly & Johayron & Roberto Ferrante","Bailando Suave"
"2025-02-23","5","national","6","Nesty & Guaynaa","Orgullo"
"2025-02-23","5","national","7","David Calzado Y Su Charanga Habanera","Los Besos Que Te Di"
"2025-02-23","5","national","8","Srta. Dayana","Bonita"
"2025-02-23","5","national","9","Len Mikay & Leoni Torres","Un Clásico"
"2025-02-23","5","national","10","Cimafunk & Monsieur Periné","Catalina"
"2025-02-23","5","international","1","ROSÉ & Bruno Mars","APT."
"2025-02-23","5","international","2","Ana Mena & Emilia","CARITA TRISTE"
"2025-02-23","5","international","3","Shakira","Soltera"
"2025-02-23","5","international","4","Tito El Bambino & Silvestre Dangond","¿Dónde Estabas?"
"2025-02-23","5","international","5","Kapo","UWAIE"
"2025-02-23","5","international","6","Lady Gaga & Bruno Mars","Die With A Smile"
"2025-02-23","5","international","7","Maluma","Cosas Pendientes"
"2025-02-23","5","international","8","Elena Rose & Maria Becerra","Pa’ Qué Volviste?"
"2025-02-23","5","international","9","Bizarrap & Luck Ra","Bzrp Music Sessions, Vol. 61"
"2025-02-23","5","international","10","Lexa","Necessito"
"2025-03-09","6","national","1","Leoni Torres & Guaynaa","Todo El Mundo Bailando"
"2025-03-09","6","national","2","Lenier & Nacho","Asi Como Yo"
"2025-03-09","6","national","3","Leoni Torres","Por Tu Culpa"
"2025-03-09","6","national","4","Lenier & Diana Fuentes","Y Ojalá"
"2025-03-09","6","national","5","Nesty & Guaynaa","Orgullo"
"2025-03-09","6","national","6","David Calzado Y Su Charanga Habanera","Los Besos Que Te Di"
"2025-03-09","6","national","7","Srta. Dayana","Bonita"
"2025-03-09","6","national","8","Len Mikay & Leoni Torres","Un Clásico"
"2025-03-09","6","national","9","Charly & Johayron & Roberto Ferrante","Bailando Suave"
"2025-03-09","6","national","10","Nesty & Ronald Borjas","Ya Lo Ves"
"2025-03-09","6","international","1","ROSÉ & Bruno Mars","APT."
"2025-03-09","6","international","2","Ana Mena & Emilia","CARITA TRISTE"
"2025-03-09","6","international","3","Tito El Bambino & Silvestre Dangond","¿Dónde Estabas?"
"2025-03-09","6","international","4","Shakira","Soltera"
"2025-03-09","6","international","5","Kapo","UWAIE"
"2025-03-09","6","international","6","Maluma","Cosas Pendientes"
"2025-03-09","6","international","7","Lady Gaga & Bruno Mars","Die With A Smile"
"2025-03-09","6","international","8","Elena Rose & Maria Becerra","Pa’ Qué Volviste?"
"2025-03-09","6","international","9","Bizarrap & Luck Ra","Bzrp Music Sessions, Vol. 61"
"2025-03-09","6","international","10","Lexa","Necessito"
"2025-03-23","7","national","1","Lenier & Nacho","Asi Como Yo"
"2025-03-23","7","national","2","Leoni Torres","Por Tu Culpa"
"2025-03-23","7","national","3","Lenier & Diana Fuentes","Y Ojalá"
"2025-03-23","7","national","4","Leoni Torres & Guaynaa","Todo El Mundo Bailando"
"2025-03-23","7","national","5","Nesty & Guaynaa","Orgullo"
"2025-03-23","7","national","6","Srta. Dayana","Bonita"
"2025-03-23","7","national","7","Len Mikay & Leoni Torres","Un Clásico"
"2025-03-23","7","national","8","Nesty & Ronald Borjas","Ya Lo Ves"
"2025-03-23","7","national","9","David Calzado Y Su Charanga Habanera","Los Besos Que Te Di"
"2025-03-23","7","national","10","Bebeshito","Tacto Que Llegó El Reparto"
"2025-03-23","7","international","1","ROSÉ & Bruno Mars","APT."
"2025-03-23","7","international","2","Tito El Bambino & Silvestre Dangond","¿Dónde Estabas?"
"2025-03-23","7","international","3","Ana Mena & Emilia","CARITA TRISTE"
"2025-03-23","7","international","4","Maluma","Cosas Pendientes"
"2025-03-23","7","international","5","Shakira","Soltera"
"2025-03-23","7","international","6","Elena Rose & Maria Becerra","Pa’ Qué Volviste?"
"2025-03-23","7","international","7","Bizarrap & Luck Ra","Bzrp Music Sessions, Vol. 61"
"2025-03-23","7","international","8","Kapo","UWAIE"
"2025-03-23","7","international","9","Lady Gaga & Bruno Mars","Die With A Smile"
"2025-03-23","7","international","10","Tini","El Cielo"
"2025-04-06","8","national","1","Lenier & Nacho","Asi Como Yo"
"2025-04-06","8","national","2","Leoni Torres","Por Tu Culpa"
"2025-04-06","8","national","3","Nesty & Guaynaa","Orgullo"
"2025-04-06","8","national","4","Lenier & Diana Fuentes","Y Ojalá"
"2025-04-06","8","national","5","Leoni Torres & Guaynaa","Todo El Mundo Bailando"
"2025-04-06","8","national","6","Srta. Dayana","Bonita"
"2025-04-06","8","national","7","Len Mikay & Leoni Torres","Un Clásico"
"2025-04-06","8","national","8","Nesty & Ronald Borjas","Ya Lo Ves"
"2025-04-06","8","national","9","Bebeshito","Tacto Que Llegó El Reparto"
"2025-04-06","8","national","10","Jacob Forever & Mayco D' Alma","No Volveré"
"2025-04-06","8","international","1","Tito El Bambino & Silvestre Dangond","¿Dónde Estabas?"
"2025-04-06","8","international","2","ROSÉ & Bruno Mars","APT."
"2025-04-06","8","international","3","Maluma","Cosas Pendientes"
"2025-04-06","8","international","4","Ana Mena & Emilia","CARITA TRISTE"
"2025-04-06","8","international","5","Elena Rose & Maria Becerra","Pa’ Qué Volviste?"
"2025-04-06","8","international","6","Lady Gaga","Abracadabra"
"2025-04-06","8","international","7","Bizarrap & Luck Ra","Bzrp Music Sessions, Vol. 61"
"2025-04-06","8","international","8","Tini","El Cielo"
"2025-04-06","8","international","9","Shakira","Soltera"
"2025-04-06","8","international","10","Piso 21 & Marc Anthony & Beéle","Volver"
"2025-04-20","9","national","1","Leoni Torres","Por Tu Culpa"
"2025-04-20","9","national","2","Lenier & Nacho","Asi Como Yo"
"2025-04-20","9","national","3","Nesty & Guaynaa","Orgullo"
"2025-04-20","9","national","4","Srta. Dayana","Bonita"
"2025-04-20","9","national","5","Lenier & Diana Fuentes","Y Ojalá"
"2025-04-20","9","national","6","Len Mikay & Leoni Torres","Un Clásico"
"2025-04-20","9","national","7","Bebeshito","Tacto Que Llegó El Reparto"
"2025-04-20","9","national","8","Leoni Torres & Guaynaa","Todo El Mundo Bailando"
"2025-04-20","9","national","9","Nesty & Ronald Borjas","Ya Lo Ves"
"2025-04-20","9","national","10","Jacob Forever & Mayco D' Alma","No Volveré"
"2025-04-20","9","international","1","Tito El Bambino & Silvestre Dangond","¿Dónde Estabas?"
"2025-04-20","9","international","2","Maluma","Cosas Pendientes"
"2025-04-20","9","international","3","ROSÉ & Bruno Mars","APT."
"2025-04-20","9","international","4","Elena Rose & Maria Becerra","Pa’ Qué Volviste?"
"2025-04-20","9","international","5","Lady Gaga","Abracadabra"
"2025-04-20","9","international","6","Bizarrap & Luck Ra","Bzrp Music Sessions, Vol. 61"
"2025-04-20","9","international","7","Ana Mena & Emilia","CARITA TRISTE"
"2025-04-20","9","international","8","Tini","El Cielo"
"2025-04-20","9","international","9","Piso 21 & Marc Anthony & Beéle","Volver"
"2025-04-20","9","international","10","Greeicy","Efímero"
"2025-05-04","10","national","1","Leoni Torres","Por Tu Culpa"
"2025-05-04","10","national","2","Nesty & Guaynaa","Orgullo"
"2025-05-04","10","national","3","Lenier & Nacho","Asi Como Yo"
"2025-05-04","10","national","4","Srta. Dayana","Bonita"
"2025-05-04","10","national","5","Len Mikay & Leoni Torres","Un Clásico"
"2025-05-04","10","national","6","Bebeshito","Tacto Que Llegó El Reparto"
"2025-05-04","10","national","7","Nesty & Ronald Borjas","Ya Lo Ves"
"2025-05-04","10","national","8","Lenier & Diana Fuentes","Y Ojalá"
"2025-05-04","10","national","9","Jacob Forever & Mayco D' Alma","No Volveré"
"2025-05-04","10","national","10","Leoni Torres & Guaynaa","Todo El Mundo Bailando"
"2025-05-04","10","international","1","Tito El Bambino & Silvestre Dangond","¿Dónde Estabas?"
"2025-05-04","10","international","2","Maluma","Cosas Pendientes"
"2025-05-04","10","international","3","Lady Gaga","Abracadabra"
"2025-05-04","10","international","4","Elena Rose & Maria Becerra","Pa’ Qué Volviste?"
"2025-05-04","10","international","5","ROSÉ & Bruno Mars","APT."
"2025-05-04","10","international","6","Bizarrap & Luck Ra","Bzrp Music Sessions, Vol. 61"
"2025-05-04","10","international","7","Tini","El Cielo"
"2025-05-04","10","international","8","Greeicy","Efímero"
"2025-05-04","10","international","9","Piso 21 & Marc Anthony & Beéle","Volver"
"2025-05-04","10","international","10","Xavi & Manuel Turizo","En Privado"
"2025-05-18","11","national","1","Leoni Torres","Por Tu Culpa"
"2025-05-18","11","national","2","Nesty & Guaynaa","Orgullo"
"2025-05-18","11","national","3","Srta. Dayana","Bonita"
"2025-05-18","11","national","4","Len Mikay & Leoni Torres","Un Clásico"
"2025-05-18","11","national","5","Bebeshito","Tacto Que Llegó El Reparto"
"2025-05-18","11","national","6","Nesty & Ronald Borjas","Ya Lo Ves"
"2025-05-18","11","national","7","Lenier & Nacho","Asi Como Yo"
"2025-05-18","11","national","8","Jacob Forever & Mayco D' Alma","No Volveré"
"2025-05-18","11","national","9","Karmen Muradas & Alexander Abreu & Havana D'Primera","Qué Hago"
"2025-05-18","11","national","10","David Calzado y su Charanga Habanera & Joseito CG","Que Te Vaya Bien"
"2025-05-18","11","international","1","Maluma","Cosas Pendientes"
"2025-05-18","11","international","2","Lady Gaga","Abracadabra"
"2025-05-18","11","international","3","Tito El Bambino & Silvestre Dangond","¿Dónde Estabas?"
"2025-05-18","11","international","4","Bizarrap & Luck Ra","Bzrp Music Sessions, Vol. 61"
"2025-05-18","11","international","5","Elena Rose & Maria Becerra","Pa’ Qué Volviste?"
"2025-05-18","11","international","6","Tini","El Cielo"
"2025-05-18","11","international","7","Greeicy","Efímero"
"2025-05-18","11","international","8","Piso 21 & Marc Anthony & Beéle","Volver"
"2025-05-18","11","international","9","Xavi & Manuel Turizo","En Privado"
"2025-05-18","11","international","10","ROSÉ & Bruno Mars","APT."
"2025-06-01","12","national","1","Nesty & Guaynaa","Orgullo"
"2025-06-01","12","national","2","Leoni Torres","Por Tu Culpa"
"2025-06-01","12","national","3","Bebeshito","Tacto Que Llegó El Reparto"
"2025-06-01","12","national","4","Srta. Dayana","Bonita"
"2025-06-01","12","national","5","Len Mikay & Leoni Torres","Un Clásico"
"2025-06-01","12","national","6","Nesty & Ronald Borjas","Ya Lo Ves"
"2025-06-01","12","national","7","Jacob Forever & Mayco D' Alma","No Volveré"
"2025-06-01","12","national","8","Karmen Muradas & Alexander Abreu & Havana D'Primera","Qué Hago"
"2025-06-01","12","national","9","David Calzado y su Charanga Habanera & Joseito CG","Que Te Vaya Bien"
"2025-06-01","12","national","10","Lenier & Nacho","Asi Como Yo"
"2025-06-01","12","international","1","Maluma","Cosas Pendientes"
"2025-06-01","12","international","2","Lady Gaga","Abracadabra"
"2025-06-01","12","international","3","Bizarrap & Luck Ra","Bzrp Music Sessions, Vol. 61"
"2025-06-01","12","international","4","Tito El Bambino & Silvestre Dangond","¿Dónde Estabas?"
"2025-06-01","12","international","5","Tini","El Cielo"
"2025-06-01","12","international","6","Elena Rose & Maria Becerra","Pa’ Qué Volviste?"
"2025-06-01","12","international","7","Piso 21 & Marc Anthony & Beéle","Volver"
"2025-06-01","12","international","8","Xavi & Manuel Turizo","En Privado"
"2025-06-01","12","international","9","Greeicy","Efímero"
"2025-06-01","12","international","10","Timø & Cardellino","Diamante"
"2025-06-15","13","national","1","Nesty & Guaynaa","Orgullo"
"2025-06-15","13","national","2","Bebeshito","Tacto Que Llegó El Reparto"
"2025-06-15","13","national","3","Len Mikay & Leoni Torres","Un Clásico"
"2025-06-15","13","national","4","Srta. Dayana","Bonita"
"2025-06-15","13","national","5","Nesty & Ronald Borjas","Ya Lo Ves"
"2025-06-15","13","national","6","Leoni Torres","Por Tu Culpa"
"2025-06-15","13","national","7","Karmen Muradas & Alexander Abreu & Havana D'Primera","Qué Hago"
"2025-06-15","13","national","8","David Calzado y su Charanga Habanera & Joseito CG","Que Te Vaya Bien"
"2025-06-15","13","national","9","Jacob Forever & Mayco D' Alma","No Volveré"
"2025-06-15","13","national","10","Len Mikay & Divan","Nos Vamos"
"2025-06-15","13","international","1","Maluma","Cosas Pendientes"
"2025-06-15","13","international","2","Lady Gaga","Abracadabra"
"2025-06-15","13","international","3","Bizarrap & Luck Ra","Bzrp Music Sessions, Vol. 61"
"2025-06-15","13","international","4","Tini","El Cielo"
"2025-06-15","13","international","5","Piso 21 & Marc Anthony & Beéle","Volver"
"2025-06-15","13","international","6","Xavi & Manuel Turizo","En Privado"
"2025-06-15","13","international","7","Tito El Bambino & Silvestre Dangond","¿Dónde Estabas?"
"2025-06-15","13","international","8","Timø & Cardellino","Diamante"
"2025-06-15","13","international","9","Elena Rose & Maria Becerra","Pa’ Qué Volviste?"
"2025-06-15","13","international","10","Greeicy","Efímero"
"2025-06-29","14","national","1","Bebeshito","Tacto Que Llegó El Reparto"
"2025-06-29","14","national","2","Nesty & Guaynaa","Orgullo"
"2025-06-29","14","national","3","Len Mikay & Leoni Torres","Un Clásico"
"2025-06-29","14","national","4","Nesty & Ronald Borjas","Ya Lo Ves"
"2025-06-29","14","national","5","Karmen Muradas & Alexander Abreu & Havana D'Primera","Qué Hago"
"2025-06-29","14","national","6","David Calzado y su Charanga Habanera & Joseito CG","Que Te Vaya Bien"
"2025-06-29","14","national","7","Srta. Dayana","Bonita"
"2025-06-29","14","national","8","Len Mikay & Divan","Nos Vamos"
"2025-06-29","14","national","9","Jacob Forever & Mayco D' Alma","No Volveré"
"2025-06-29","14","national","10","Charly & Johayron & Roberto Ferrante & El Bandolero","Amante"
"2025-06-29","14","international","1","Lady Gaga","Abracadabra"
"2025-06-29","14","international","2","Maluma","Cosas Pendientes"
"2025-06-29","14","international","3","Tini","El Cielo"
"2025-06-29","14","international","4","Bizarrap & Luck Ra","Bzrp Music Sessions, Vol. 61"
"2025-06-29","14","international","5","Piso 21 & Marc Anthony & Beéle","Volver"
"2025-06-29","14","international","6","Xavi & Manuel Turizo","En Privado"
"2025-06-29","14","international","7","Timø & Cardellino","Diamante"
"2025-06-29","14","international","8","Fariana & Kiko El Crazy","Me Muevo"
"2025-06-29","14","international","9","Tito El Bambino & Silvestre Dangond","¿Dónde Estabas?"
"2025-06-29","14","international","10","Fanny Lu & Olga Tañón","Señor Bendito"
"2025-07-13","15","national","1","Bebeshito","Tacto Que Llegó El Reparto"
"2025-07-13","15","national","2","Len Mikay & Leoni Torres","Un Clásico"
"2025-07-13","15","national","3","Nesty & Ronald Borjas","Ya Lo Ves"
"2025-07-13","15","national","4","Karmen Muradas & Alexander Abreu & Havana D'Primera","Qué Hago"
"2025-07-13","15","national","5","Nesty & Guaynaa","Orgullo"
"2025-07-13","15","national","6","David Calzado y su Charanga Habanera & Joseito CG","Que Te Vaya Bien"
"2025-07-13","15","national","7","Charly & Johayron & Roberto Ferrante & El Bandolero","Amante"
"2025-07-13","15","national","8","Len Mikay & Divan","Nos Vamos"
"2025-07-13","15","national","9","Srta. Dayana","Bonita"
"2025-07-13","15","national","10","Jacob Forever & Mayco D' Alma","No Volveré"
"2025-07-13","15","international","1","Lady Gaga","Abracadabra"
"2025-07-13","15","international","2","Maluma","Cosas Pendientes"
"2025-07-13","15","international","3","Tini","El Cielo"
"2025-07-13","15","international","4","Piso 21 & Marc Anthony & Beéle","Volver"
"2025-07-13","15","international","5","Xavi & Manuel Turizo","En Privado"
"2025-07-13","15","international","6","Bizarrap & Luck Ra","Bzrp Music Sessions, Vol. 61"
"2025-07-13","15","international","7","Timø & Cardellino","Diamante"
"2025-07-13","15","international","8","Fariana & Kiko El Crazy","Me Muevo"
"2025-07-13","15","international","9","Fanny Lu & Olga Tañón","Señor Bendito"
"2025-07-13","15","international","10","Tito El Bambino & Silvestre Dangond","¿Dónde Estabas?"
"2025-07-20","16","national","1","Bebeshito","Tacto Que Llegó El Reparto"
"2025-07-20","16","national","2","Len Mikay & Leoni Torres","Un Clásico"
"2025-07-20","16","national","3","Nesty & Ronald Borjas","Ya Lo Ves"
"2025-07-20","16","national","4","Karmen Muradas & Alexander Abreu & Havana D'Primera","Qué Hago"
"2025-07-20","16","national","5","David Calzado y su Charanga Habanera & Joseito CG","Que Te Vaya Bien"
"2025-07-20","16","national","6","Charly & Johayron & Roberto Ferrante & El Bandolero","Amante"
"2025-07-20","16","national","7","Nesty & Guaynaa","Orgullo"
"2025-07-20","16","national","8","Len Mikay & Divan","Nos Vamos"
"2025-07-20","16","national","9","Jacob Forever & LI-C","Mañana Te Olvido"
"2025-07-20","16","national","10","Srta. Dayana","Bonita"
"2025-07-20","16","international","1","Lady Gaga","Abracadabra"
"2025-07-20","16","international","2","Tini","El Cielo"
"2025-07-20","16","international","3","Piso 21 & Marc Anthony & Beéle","Volver"
"2025-07-20","16","international","4","Maluma","Cosas Pendientes"
"2025-07-20","16","international","5","Xavi & Manuel Turizo","En Privado"
"2025-07-20","16","international","6","Fariana & Kiko El Crazy","Me Muevo"
"2025-07-20","16","international","7","Fanny Lu & Olga Tañón","Señor Bendito"
"2025-07-20","16","international","8","Timø & Cardellino","Diamante"
"2025-07-20","16","international","9","Karol G","Papasito"
"2025-07-20","16","international","10","Ed Sheeran","Azizam"
"2025-08-03","17","national","1","Len Mikay & Leoni Torres","Un Clásico"
"2025-08-03","17","national","2","Nesty & Ronald Borjas","Ya Lo Ves"
"2025-08-03","17","national","3","Karmen Muradas & Alexander Abreu & Havana D'Primera","Qué Hago"
"2025-08-03","17","national","4","Bebeshito","Tacto Que Llegó El Reparto"
"2025-08-03","17","national","5","David Calzado y su Charanga Habanera & Joseito CG","Que Te Vaya Bien"
"2025-08-03","17","national","6","Charly & Johayron & Roberto Ferrante & El Bandolero","Amante"
"2025-08-03","17","national","7","Len Mikay & Divan","Nos Vamos"
"2025-08-03","17","national","8","Jacob Forever & LI-C","Mañana Te Olvido"
"2025-08-03","17","national","9","Nesty & Guaynaa","Orgullo"
"2025-08-03","17","national","10","Yulien Oviedo & Insurrecto","Morena"
"2025-08-03","17","international","1","Piso 21 & Marc Anthony & Beéle","Volver"
"2025-08-03","17","international","2","Tini","El Cielo"
"2025-08-03","17","international","3","Fariana & Kiko El Crazy","Me Muevo"
"2025-08-03","17","international","4","Fanny Lu & Olga Tañón","Señor Bendito"
"2025-08-03","17","international","5","Lady Gaga","Abracadabra"
"2025-08-03","17","international","6","Karol G","Papasito"
"2025-08-03","17","international","7","Xavi & Manuel Turizo","En Privado"
"2025-08-03","17","international","8","Maluma","Cosas Pendientes"
"2025-08-03","17","international","9","Ed Sheeran","Azizam"
"2025-08-03","17","international","10","Timø & Cardellino","Diamante"
"2025-08-10","18","national","1","Len Mikay & Leoni Torres","Un Clásico"
"2025-08-10","18","national","2","Karmen Muradas & Alexander Abreu & Havana D'Primera","Qué Hago"
"2025-08-10","18","national","3","Nesty & Ronald Borjas","Ya Lo Ves"
"2025-08-10","18","national","4","David Calzado y su Charanga Habanera & Joseito CG","Que Te Vaya Bien"
"2025-08-10","18","national","5","Charly & Johayron & Roberto Ferrante & El Bandolero","Amante"
"2025-08-10","18","national","6","Bebeshito","Tacto Que Llegó El Reparto"
"2025-08-10","18","national","7","Len Mikay & Divan","Nos Vamos"
"2025-08-10","18","national","8","Jacob Forever & LI-C","Mañana Te Olvido"
"2025-08-10","18","national","9","Yulien Oviedo & Insurrecto","Morena"
"2025-08-10","18","national","10","Nesty & Guaynaa","Orgullo"
"2025-08-10","18","international","1","Piso 21 & Marc Anthony & Beéle","Volver"
"2025-08-10","18","international","2","Fariana & Kiko El Crazy","Me Muevo"
"2025-08-10","18","international","3","Fanny Lu & Olga Tañón","Señor Bendito"
"2025-08-10","18","international","4","Tini","El Cielo"
"2025-08-10","18","international","5","Karol G","Papasito"
"2025-08-10","18","international","6","Lady Gaga","Abracadabra"
"2025-08-10","18","international","7","Xavi & Manuel Turizo","En Privado"
"2025-08-10","18","international","8","Ed Sheeran","Azizam"
"2025-08-10","18","international","9","Becky G & Manuel Turizo","Qué Haces"
"2025-08-10","18","international","10","Aitana & Kenia Os","Ex Ex Ex"
"2025-08-24","19","national","1","Len Mikay & Leoni Torres","Un Clásico"
"2025-08-24","19","national","2","Karmen Muradas & Alexander Abreu & Havana D'Primera","Qué Hago"
"2025-08-24","19","national","3","David Calzado y su Charanga Habanera & Joseito CG","Que Te Vaya Bien"
"2025-08-24","19","national","4","Charly & Johayron & Roberto Ferrante & El Bandolero","Amante"
"2025-08-24","19","national","5","Nesty & Ronald Borjas","Ya Lo Ves"
"2025-08-24","19","national","6","Len Mikay & Divan","Nos Vamos"
"2025-08-24","19","national","7","Jacob Forever & LI-C","Mañana Te Olvido"
"2025-08-24","19","national","8","Bebeshito","Tacto Que Llegó El Reparto"
"2025-08-24","19","national","9","Yulien Oviedo & Insurrecto","Morena"
"2025-08-24","19","national","10","Nesty & Guaynaa","Orgullo"
"2025-08-24","19","international","1","Piso 21 & Marc Anthony & Beéle","Volver"
"2025-08-24","19","international","2","Fanny Lu & Olga Tañón","Señor Bendito"
"2025-08-24","19","international","3","Fariana & Kiko El Crazy","Me Muevo"
"2025-08-24","19","international","4","Karol G","Papasito"
"2025-08-24","19","international","5","Tini","El Cielo"
"2025-08-24","19","international","6","Ed Sheeran","Azizam"
"2025-08-24","19","international","7","Becky G & Manuel Turizo","Qué Haces"
"2025-08-24","19","international","8","Aitana & Kenia Os","Ex Ex Ex"
"2025-08-24","19","international","9","Lady Gaga","Abracadabra"
"2025-08-24","19","international","10","Xavi & Manuel Turizo","En Privado"
"2025-09-07","20","national","1","Karmen Muradas & Alexander Abreu & Havana D'Primera","Qué Hago"
"2025-09-07","20","national","2","Len Mikay & Leoni Torres","Un Clásico"
"2025-09-07","20","national","3","David Calzado y su Charanga Habanera & Joseito CG","Que Te Vaya Bien"
"2025-09-07","20","national","4","Charly & Johayron & Roberto Ferrante & El Bandolero","Amante"
"2025-09-07","20","national","5","Len Mikay & Divan","Nos Vamos"
"2025-09-07","20","national","6","Jacob Forever & LI-C","Mañana Te Olvido"
"2025-09-07","20","national","7","Nesty & Ronald Borjas","Ya Lo Ves"
"2025-09-07","20","national","8","Yulien Oviedo & Insurrecto","Morena"
"2025-09-07","20","national","9","Bebeshito","Tacto Que Llegó El Reparto"
"2025-09-07","20","national","10","Chacal & Marlon & Gerardo Rodríguez","Pa' Toda La Vida"
"2025-09-07","20","international","1","Piso 21 & Marc Anthony & Beéle","Volver"
"2025-09-07","20","international","2","Fanny Lu & Olga Tañón","Señor Bendito"
"2025-09-07","20","international","3","Karol G","Papasito"
"2025-09-07","20","international","4","Fariana & Kiko El Crazy","Me Muevo"
"2025-09-07","20","international","5","Becky G & Manuel Turizo","Qué Haces"
"2025-09-07","20","international","6","Aitana & Kenia Os","Ex Ex Ex"
"2025-09-07","20","international","7","Ed Sheeran","Azizam"
"2025-09-07","20","international","8","Tini","El Cielo"
"2025-09-07","20","international","9","Wisin & Kapo","Luna"
"2025-09-07","20","international","10","Beéle","No Tiene Sentido"
"2025-09-21","21","national","1","Karmen Muradas & Alexander Abreu & Havana D'Primera","Qué Hago"
"2025-09-21","21","national","2","David Calzado y su Charanga Habanera & Joseito CG","Que Te Vaya Bien"
"2025-09-21","21","national","3","Charly & Johayron & Roberto Ferrante & El Bandolero","Amante"
"2025-09-21","21","national","4","Len Mikay & Leoni Torres","Un Clásico"
"2025-09-21","21","national","5","Len Mikay & Divan","Nos Vamos"
"2025-09-21","21","national","6","Jacob Forever & LI-C","Mañana Te Olvido"
"2025-09-21","21","national","7","Yulien Oviedo & Insurrecto","Morena"
"2025-09-21","21","national","8","Nesty & Ronald Borjas","Ya Lo Ves"
"2025-09-21","21","national","9","Chacal & Marlon & Gerardo Rodríguez","Pa' Toda La Vida"
"2025-09-21","21","national","10","Bebeshito","Tacto Que Llegó El Reparto"
"2025-09-21","21","international","1","Piso 21 & Marc Anthony & Beéle","Volver"
"2025-09-21","21","international","2","Fanny Lu & Olga Tañón","Señor Bendito"
"2025-09-21","21","international","3","Karol G","Papasito"
"2025-09-21","21","international","4","Becky G & Manuel Turizo","Qué Haces"
"2025-09-21","21","international","5","Fariana & Kiko El Crazy","Me Muevo"
"2025-09-21","21","international","6","Aitana & Kenia Os","Ex Ex Ex"
"2025-09-21","21","international","7","Ed Sheeran","Azizam"
"2025-09-21","21","international","8","Wisin & Kapo","Luna"
"2025-09-21","21","international","9","Beéle","No Tiene Sentido"
"2025-09-21","21","international","10","Tini","El Cielo"
"2025-09-28","22","national","1","Karmen Muradas & Alexander Abreu & Havana D'Primera","Qué Hago"
"2025-09-28","22","national","2","Charly & Johayron & Roberto Ferrante & El Bandolero","Amante"
"2025-09-28","22","national","3","David Calzado y su Charanga Habanera & Joseito CG","Que Te Vaya Bien"
"2025-09-28","22","national","4","Jacob Forever & LI-C","Mañana Te Olvido"
"2025-09-28","22","national","5","Len Mikay & Divan","Nos Vamos"
"2025-09-28","22","national","6","Len Mikay & Leoni Torres","Un Clásico"
"2025-09-28","22","national","7","Yulien Oviedo & Insurrecto","Morena"
"2025-09-28","22","national","8","Chacal & Marlon & Gerardo Rodríguez","Pa' Toda La Vida"
"2025-09-28","22","national","9","Nesty & Ronald Borjas","Ya Lo Ves"
"2025-09-28","22","national","10","Lenier & El Chulo","Vibras"
"2025-09-28","22","international","1","Fanny Lu & Olga Tañón","Señor Bendito"
"2025-09-28","22","international","2","Karol G","Papasito"
"2025-09-28","22","international","3","Piso 21 & Marc Anthony & Beéle","Volver"
"2025-09-28","22","international","4","Becky G & Manuel Turizo","Qué Haces"
"2025-09-28","22","international","5","Fariana & Kiko El Crazy","Me Muevo"
"2025-09-28","22","international","6","Beéle","No Tiene Sentido"
"2025-09-28","22","international","7","Wisin & Kapo","Luna"
"2025-09-28","22","international","8","Ed Sheeran","Azizam"
"2025-09-28","22","international","9","DY","Sonríele"
"2025-09-28","22","international","10","Aitana & Kenia Os","Ex Ex Ex"
"2025-10-05","23","national","1","Charly & Johayron & Roberto Ferrante & El Bandolero","Amante"
"2025-10-05","23","national","2","Karmen Muradas & Alexander Abreu & Havana D'Primera","Qué Hago"
"2025-10-05","23","national","3","Jacob Forever & LI-C","Mañana Te Olvido"
"2025-10-05","23","national","4","David Calzado y su Charanga Habanera & Joseito CG","Que Te Vaya Bien"
"2025-10-05","23","national","5","Len Mikay & Divan","Nos Vamos"
"2025-10-05","23","national","6","Yulien Oviedo & Insurrecto","Morena"
"2025-10-05","23","national","7","Len Mikay & Leoni Torres","Un Clásico"
"2025-10-05","23","national","8","Chacal & Marlon & Gerardo Rodríguez","Pa' Toda La Vida"
"2025-10-05","23","national","9","Lenier & El Chulo","Vibras"
"2025-10-05","23","national","10","Nesty & Ronald Borjas","Ya Lo Ves"
"2025-10-05","23","international","1","Fanny Lu & Olga Tañón","Señor Bendito"
"2025-10-05","23","international","2","Karol G","Papasito"
"2025-10-05","23","international","3","Becky G & Manuel Turizo","Qué Haces"
"2025-10-05","23","international","4","Piso 21 & Marc Anthony & Beéle","Volver"
"2025-10-05","23","international","5","Beéle","No Tiene Sentido"
"2025-10-05","23","international","6","Wisin & Kapo","Luna"
"2025-10-05","23","international","7","Fariana & Kiko El Crazy","Me Muevo"
"2025-10-05","23","international","8","DY","Sonríele"
"2025-10-05","23","international","9","Ed Sheeran","Azizam"
"2025-10-05","23","international","10","Manuel Turizo","Mírame Ahora"
"2025-10-12","24","national","1","Charly & Johayron & Roberto Ferrante & El Bandolero","Amante"
"2025-10-12","24","national","2","Jacob Forever & LI-C","Mañana Te Olvido"
"2025-10-12","24","national","3","Karmen Muradas & Alexander Abreu & Havana D'Primera","Qué Hago"
"2025-10-12","24","national","4","David Calzado y su Charanga Habanera & Joseito CG","Que Te Vaya Bien"
"2025-10-12","24","national","5","Chacal & Marlon & Gerardo Rodríguez","Pa' Toda La Vida"
"2025-10-12","24","national","6","Len Mikay & Divan","Nos Vamos"
"2025-10-12","24","national","7","Yulien Oviedo & Insurrecto","Morena"
"2025-10-12","24","national","8","Lenier & El Chulo","Vibras"
"2025-10-12","24","national","9","Wampi & Cimafunk","Qué Bolá"
"2025-10-12","24","national","10","Len Mikay & Leoni Torres","Un Clásico"
"2025-10-12","24","international","1","Karol G","Papasito"
"2025-10-12","24","international","2","Fanny Lu & Olga Tañón","Señor Bendito"
"2025-10-12","24","international","3","Becky G & Manuel Turizo","Qué Haces"
"2025-10-12","24","international","4","Beéle","No Tiene Sentido"
"2025-10-12","24","international","5","Wisin & Kapo","Luna"
"2025-10-12","24","international","6","DY","Sonríele"
"2025-10-12","24","international","7","Piso 21 & Marc Anthony & Beéle","Volver"
"2025-10-12","24","international","8","Manuel Turizo","Mírame Ahora"
"2025-10-12","24","international","9","Fariana & Kiko El Crazy","Me Muevo"
"2025-10-12","24","international","10","Ed Sheeran","Azizam"
"2025-10-19","25","national","1","Charly & Johayron & Roberto Ferrante & El Bandolero","Amante"
"2025-10-19","25","national","2","Jacob Forever & LI-C","Mañana Te Olvido"
"2025-10-19","25","national","3","Chacal & Marlon & Gerardo Rodríguez","Pa' Toda La Vida"
"2025-10-19","25","national","4","Karmen Muradas & Alexander Abreu & Havana D'Primera","Qué Hago"
"2025-10-19","25","national","5","David Calzado y su Charanga Habanera & Joseito CG","Que Te Vaya Bien"
"2025-10-19","25","national","6","Len Mikay & Divan","Nos Vamos"
"2025-10-19","25","national","7","Lenier & El Chulo","Vibras"
"2025-10-19","25","national","8","Wampi & Cimafunk","Qué Bolá"
"2025-10-19","25","national","9","Yulien Oviedo & Insurrecto","Morena"
"2025-10-19","25","national","10","Wil Campa","Como Nadie"
"2025-10-19","25","international","1","Karol G","Papasito"
"2025-10-19","25","international","2","Becky G & Manuel Turizo","Qué Haces"
"2025-10-19","25","international","3","Beéle","No Tiene Sentido"
"2025-10-19","25","international","4","DY","Sonríele"
"2025-10-19","25","international","5","Fanny Lu & Olga Tañón","Señor Bendito"
"2025-10-19","25","international","6","Wisin & Kapo","Luna"
"2025-10-19","25","international","7","Manuel Turizo","Mírame Ahora"
"2025-10-19","25","international","8","Greeicy","Quiero +"
"2025-10-19","25","international","9","Huntr/x & KPop Demon Hunters Cast","Golden"
"2025-10-19","25","international","10","Fariana & Kiko El Crazy","Me Muevo"
"2025-10-26","26","national","1","Jacob Forever & LI-C","Mañana Te Olvido"
"2025-10-26","26","national","2","Charly & Johayron & Roberto Ferrante & El Bandolero","Amante"
"2025-10-26","26","national","3","Chacal & Marlon & Gerardo Rodríguez","Pa' Toda La Vida"
"2025-10-26","26","national","4","Karmen Muradas & Alexander Abreu & Havana D'Primera","Qué Hago"
"2025-10-26","26","national","5","David Calzado y su Charanga Habanera & Joseito CG","Que Te Vaya Bien"
"2025-10-26","26","national","6","Lenier & El Chulo","Vibras"
"2025-10-26","26","national","7","Wampi & Cimafunk","Qué Bolá"
"2025-10-26","26","national","8","Len Mikay & Divan","Nos Vamos"
"2025-10-26","26","national","9","Wil Campa","Como Nadie"
"2025-10-26","26","national","10","Yulien Oviedo & Insurrecto","Morena"
"2025-10-26","26","international","1","Karol G","Papasito"
"2025-10-26","26","international","2","Becky G & Manuel Turizo","Qué Haces"
"2025-10-26","26","international","3","Beéle","No Tiene Sentido"
"2025-10-26","26","international","4","DY","Sonríele"
"2025-10-26","26","international","5","Manuel Turizo","Mírame Ahora"
"2025-10-26","26","international","6","Wisin & Kapo","Luna"
"2025-10-26","26","international","7","Greeicy","Quiero +"
"2025-10-26","26","international","8","Huntr/x & KPop Demon Hunters Cast","Golden"
"2025-10-26","26","international","9","Fanny Lu & Olga Tañón","Señor Bendito"
"2025-10-26","26","international","10","Maria Becerra & Tini","Hasta Que Me Enamoro"
"2026-01-18","1","national","1","Yuly y Havana C & Fransiskito el King","Chao Chaíto"
"2026-01-18","1","national","2","Charly & Johayron & Roberto Ferrante & El Bandolero","Una Cosita"
"2026-01-18","1","national","3","Kasanova & Alexander Abreu","Sin Miedo"
"2026-01-18","1","national","4","Wil Campa","Como Nadie"
"2026-01-18","1","national","5","Jacob Forever & Dany Ome & Kevincito El 13","Salvavidas"
"2026-01-18","1","national","6","Chacal & Marlon & Gerardo Rodríguez","Pa' Toda La Vida"
"2026-01-18","1","national","7","Jacob Forever & LI-C","Mañana Te Olvido"
"2026-01-18","1","national","8","Charly & Johayron & Roberto Ferrante & El Bandolero","Amante"
"2026-01-18","1","national","9","Karmen Muradas & Alexander Abreu & Havana D'Primera","Qué Hago"
"2026-01-18","1","national","10","Lenier & El Chulo","Vibras"
"2026-01-18","1","international","1","Huntr/x & KPop Demon Hunters Cast","Golden"
"2026-01-18","1","international","2","Rauw Alejandro","Besito en la Frente"
"2026-01-18","1","international","3","Manuel Turizo","Mírame Ahora"
"2026-01-18","1","international","4","Bizarrap & Daddy Yankee","Bzrp Music Sessions, Vol. 66"
"2026-01-18","1","international","5","Beéle","No Tiene Sentido"
"2026-01-18","1","international","6","Elena Rose & Justin Quiles","Cosita Linda"
"2026-01-18","1","international","7","Taylor Swift","The Fate of Ophelia"
"2026-01-18","1","international","8","Ricky Martin & Carin León","A Medio Vivir"
"2026-01-18","1","international","9","Wisin & Kapo","Luna"
"2026-01-18","1","international","10","Daddy Yankee","Sonríele"
"2026-01-25","2","national","1","Yuly y Havana C & Fransiskito el King","Chao Chaíto"
"2026-01-25","2","national","2","Charly & Johayron & Roberto Ferrante & El Bandolero","Una Cosita"
"2026-01-25","2","national","3","Wil Campa","Como Nadie"
"2026-01-25","2","national","4","Jacob Forever & Dany Ome & Kevincito El 13","Salvavidas"
"2026-01-25","2","national","5","Kasanova & Alexander Abreu","Sin Miedo"
"2026-01-25","2","national","6","Chacal & Marlon & Gerardo Rodríguez","Pa' Toda La Vida"
"2026-01-25","2","national","7","Jacob Forever & LI-C","Mañana Te Olvido"
"2026-01-25","2","national","8","Charly & Johayron & Roberto Ferrante & El Bandolero","Amante"
"2026-01-25","2","national","9","Lenier & El Chulo","Vibras"
"2026-01-25","2","national","10","Karmen Muradas & Alexander Abreu & Havana D'Primera","Qué Hago"
"2026-01-25","2","international","1","Rauw Alejandro","Besito en la Frente"
"2026-01-25","2","international","2","Huntr/x & KPop Demon Hunters Cast","Golden"
"2026-01-25","2","international","3","Manuel Turizo","Mírame Ahora"
"2026-01-25","2","international","4","Bizarrap & Daddy Yankee","Bzrp Music Sessions, Vol. 66"
"2026-01-25","2","international","5","Elena Rose & Justin Quiles","Cosita Linda"
"2026-01-25","2","international","6","Taylor Swift","The Fate of Ophelia"
"2026-01-25","2","international","7","Beéle","No Tiene Sentido"
"2026-01-25","2","international","8","Tito El Bambino & Farruko","Temporal"
"2026-01-25","2","international","9","Ricky Martin & Carin León","A Medio Vivir"
"2026-01-25","2","international","10","Wisin & Kapo","Luna"
"2026-02-01","3","national","1","Charly & Johayron & Roberto Ferrante & El Bandolero","Una Cosita"
"2026-02-01","3","national","2","Yuly y Havana C & Fransiskito el King","Chao Chaíto"
"2026-02-01","3","national","3","Wil Campa","Como Nadie"
"2026-02-01","3","national","4","Jacob Forever & Dany Ome & Kevincito El 13","Salvavidas"
"2026-02-01","3","national","5","Chacal & Marlon & Gerardo Rodríguez","Pa' Toda La Vida"
"2026-02-01","3","national","6","Kasanova & Alexander Abreu","Sin Miedo"
"2026-02-01","3","national","7","Jacob Forever & LI-C","Mañana Te Olvido"
"2026-02-01","3","national","8","Jacob Forever","Mi Prioridad"
"2026-02-01","3","national","9","Lenier & El Chulo","Vibras"
"2026-02-01","3","national","10","Charly & Johayron & Roberto Ferrante & El Bandolero","Amante"
"2026-02-01","3","international","1","Rauw Alejandro","Besito en la Frente"
"2026-02-01","3","international","2","Manuel Turizo","Mírame Ahora"
"2026-02-01","3","international","3","Bizarrap & Daddy Yankee","Bzrp Music Sessions, Vol. 66"
"2026-02-01","3","international","4","Huntr/x & KPop Demon Hunters Cast","Golden"
"2026-02-01","3","international","5","Elena Rose & Justin Quiles","Cosita Linda"
"2026-02-01","3","international","6","Taylor Swift","The Fate of Ophelia"
"2026-02-01","3","international","7","Natti Natasha & Nando Boom","Dem Bow"
"2026-02-01","3","international","8","Beéle","No Tiene Sentido"
"2026-02-01","3","international","9","Tito El Bambino & Farruko","Temporal"
"2026-02-01","3","international","10","Ricky Martin & Carin León","A Medio Vivir"
"2026-02-08","4","national","1","Charly & Johayron & Roberto Ferrante & El Bandolero","Una Cosita"
"2026-02-08","4","national","2","Yuly y Havana C & Fransiskito el King","Chao Chaíto"
"2026-02-08","4","national","3","Wil Campa","Como Nadie"
"2026-02-08","4","national","4","Jacob Forever & Dany Ome & Kevincito El 13","Salvavidas"
"2026-02-08","4","national","5","Charly & Johayron & Nicky Jam & Roberto Ferrante & El Bandolero & DJ Honda","Magia"
"2026-02-08","4","national","6","El Taiger & Lil Yoe & Karly & DJ Conds","La Story"
"2026-02-08","4","national","7","Chacal & Marlon & Gerardo Rodríguez","Pa' Toda La Vida"
"2026-02-08","4","national","8","Jacob Forever","Mi Prioridad"
"2026-02-08","4","national","9","Kasanova & Alexander Abreu","Sin Miedo"
"2026-02-08","4","national","10","Jacob Forever & LI-C","Mañana Te Olvido"
"2026-02-08","4","international","1","Rauw Alejandro","Besito en la Frente"
"2026-02-08","4","international","2","Manuel Turizo","Mírame Ahora"
"2026-02-08","4","international","3","Bizarrap & Daddy Yankee","Bzrp Music Sessions, Vol. 66"
"2026-02-08","4","international","4","Huntr/x & KPop Demon Hunters Cast","Golden"
"2026-02-08","4","international","5","Taylor Swift","The Fate of Ophelia"
"2026-02-08","4","international","6","Elena Rose & Justin Quiles","Cosita Linda"
"2026-02-08","4","international","7","Tito El Bambino & Farruko","Temporal"
"2026-02-08","4","international","8","Natti Natasha & Nando Boom","Dem Bow"
"2026-02-08","4","international","9","Ricky Martin & Carin León","A Medio Vivir"
"2026-02-08","4","international","10","Beéle","No Tiene Sentido"
"2026-02-15","5","national","1","Charly & Johayron & Roberto Ferrante & El Bandolero","Una Cosita"
"2026-02-15","5","national","2","Wil Campa","Como Nadie"
"2026-02-15","5","national","3","Yuly y Havana C & Fransiskito el King","Chao Chaíto"
"2026-02-15","5","national","4","Charly & Johayron & Nicky Jam & Roberto Ferrante & El Bandolero & DJ Honda","Magia"
"2026-02-15","5","national","5","Jacob Forever & Dany Ome & Kevincito El 13","Salvavidas"
"2026-02-15","5","national","6","El Taiger & Lil Yoe & Karly & DJ Conds","La Story"
"2026-02-15","5","national","7","Chacal & Marlon & Gerardo Rodríguez","Pa' Toda La Vida"
"2026-02-15","5","national","8","Jacob Forever","Mi Prioridad"
"2026-02-15","5","national","9","Kasanova & Alexander Abreu","Sin Miedo"
"2026-02-15","5","national","10","Leoni Torres & Bryan Sánchez","Nadie Como Tú"
"2026-02-15","5","international","1","Rauw Alejandro","Besito en la Frente"
"2026-02-15","5","international","2","Bizarrap & Daddy Yankee","Bzrp Music Sessions, Vol. 66"
"2026-02-15","5","international","3","Manuel Turizo","Mírame Ahora"
"2026-02-15","5","international","4","Taylor Swift","The Fate of Ophelia"
"2026-02-15","5","international","5","Elena Rose & Justin Quiles","Cosita Linda"
"2026-02-15","5","international","6","Huntr/x & KPop Demon Hunters Cast","Golden"
"2026-02-15","5","international","7","Tito El Bambino & Farruko","Temporal"
"2026-02-15","5","international","8","Luis Fonsi & Feid","Cambiaré"
"2026-02-15","5","international","9","Natti Natasha & Nando Boom","Dem Bow"
"2026-02-15","5","international","10","Bruno Mars","I Just Might"
"2026-02-22","6","national","1","Charly & Johayron & Roberto Ferrante & El Bandolero","Una Cosita"
"2026-02-22","6","national","2","Wil Campa","Como Nadie"
"2026-02-22","6","national","3","Charly & Johayron & Nicky Jam & Roberto Ferrante & El Bandolero & DJ Honda","Magia"
"2026-02-22","6","national","4","Yuly y Havana C & Fransiskito el King","Chao Chaíto"
"2026-02-22","6","national","5","El Taiger & Lil Yoe & Karly & DJ Conds","La Story"
"2026-02-22","6","national","6","Jacob Forever & Dany Ome & Kevincito El 13","Salvavidas"
"2026-02-22","6","national","7","Leoni Torres & Bryan Sánchez","Nadie Como Tú"
"2026-02-22","6","national","8","Chacal & Marlon & Gerardo Rodríguez","Pa' Toda La Vida"
"2026-02-22","6","national","9","Jacob Forever","Mi Prioridad"
"2026-02-22","6","national","10","Kasanova & Alexander Abreu","Sin Miedo"
"2026-02-22","6","international","1","Bizarrap & Daddy Yankee","Bzrp Music Sessions, Vol. 66"
"2026-02-22","6","international","2","Rauw Alejandro","Besito en la Frente"
"2026-02-22","6","international","3","Manuel Turizo","Mírame Ahora"
"2026-02-22","6","international","4","Taylor Swift","The Fate of Ophelia"
"2026-02-22","6","international","5","Elena Rose & Justin Quiles","Cosita Linda"
"2026-02-22","6","international","6","Luis Fonsi & Feid","Cambiaré"
"2026-02-22","6","international","7","Huntr/x & KPop Demon Hunters Cast","Golden"
"2026-02-22","6","international","8","Bruno Mars","I Just Might"
"2026-02-22","6","international","9","Tito El Bambino & Farruko","Temporal"
"2026-02-22","6","international","10","David Guetta & Teddy Swims & Tones And I","Gone Gone Gone"
"2026-03-01","7","national","1","Wil Campa","Como Nadie"
"2026-03-01","7","national","2","Charly & Johayron & Roberto Ferrante & El Bandolero","Una Cosita"
"2026-03-01","7","national","3","Charly & Johayron & Nicky Jam & Roberto Ferrante & El Bandolero & DJ Honda","Magia"
"2026-03-01","7","national","4","El Taiger & Lil Yoe & Karly & DJ Conds","La Story"
"2026-03-01","7","national","5","Yuly y Havana C & Fransiskito el King","Chao Chaíto"
"2026-03-01","7","national","6","Leoni Torres & Bryan Sánchez","Nadie Como Tú"
"2026-03-01","7","national","7","Jacob Forever & Dany Ome & Kevincito El 13","Salvavidas"
"2026-03-01","7","national","8","Chacal & Marlon & Gerardo Rodríguez","Pa' Toda La Vida"
"2026-03-01","7","national","9","Jacob Forever","Mi Prioridad"
"2026-03-01","7","national","10","One Life & Charanga Latina & Metaliko","Yo Te Voy a Amar"
"2026-03-01","7","international","1","Bizarrap & Daddy Yankee","Bzrp Music Sessions, Vol. 66"
"2026-03-01","7","international","2","Luis Fonsi & Feid","Cambiaré"
"2026-03-01","7","international","3","Rauw Alejandro","Besito en la Frente"
"2026-03-01","7","international","4","Taylor Swift","The Fate of Ophelia"
"2026-03-01","7","international","5","Manuel Turizo","Mírame Ahora"
"2026-03-01","7","international","6","Elena Rose & Justin Quiles","Cosita Linda"
"2026-03-01","7","international","7","David Guetta & Teddy Swims & Tones And I","Gone Gone Gone"
"2026-03-01","7","international","8","Bruno Mars","I Just Might"
"2026-03-01","7","international","9","Shakira & Beéle","Algo Tú"
"2026-03-01","7","international","10","Tainy & Karol G","Única"
"2026-03-08","8","national","1","Wil Campa","Como Nadie"
"2026-03-08","8","national","2","Charly & Johayron & Nicky Jam & Roberto Ferrante & El Bandolero & DJ Honda","Magia"
"2026-03-08","8","national","3","Charly & Johayron & Roberto Ferrante & El Bandolero","Una Cosita"
"2026-03-08","8","national","4","El Taiger & Lil Yoe & Karly & DJ Conds","La Story"
"2026-03-08","8","national","5","Leoni Torres & Bryan Sánchez","Nadie Como Tú"
"2026-03-08","8","national","6","Yuly y Havana C & Fransiskito el King","Chao Chaíto"
"2026-03-08","8","national","7","Jacob Forever & Dany Ome & Kevincito El 13","Salvavidas"
"2026-03-08","8","national","8","One Life & Charanga Latina & Metaliko","Yo Te Voy a Amar"
"2026-03-08","8","national","9","Chacal & Marlon & Gerardo Rodríguez","Pa' Toda La Vida"
"2026-03-08","8","national","10","Jacob Forever","Mi Prioridad"
"2026-03-08","8","international","1","Bizarrap & Daddy Yankee","Bzrp Music Sessions, Vol. 66"
"2026-03-08","8","international","2","Luis Fonsi & Feid","Cambiaré"
"2026-03-08","8","international","3","Taylor Swift","The Fate of Ophelia"
"2026-03-08","8","international","4","Rauw Alejandro","Besito en la Frente"
"2026-03-08","8","international","5","Bruno Mars","I Just Might"
"2026-03-08","8","international","6","Shakira & Beéle","Algo Tú"
"2026-03-08","8","international","7","Manuel Turizo","Mírame Ahora"
"2026-03-08","8","international","8","Elena Rose & Justin Quiles","Cosita Linda"
"2026-03-08","8","international","9","David Guetta & Teddy Swims & Tones And I","Gone Gone Gone"
"2026-03-08","8","international","10","Tainy & Karol G","Única"
"2026-03-15","9","national","1","Charly & Johayron & Nicky Jam & Roberto Ferrante & El Bandolero & DJ Honda","Magia"
"2026-03-15","9","national","2","Wil Campa","Como Nadie"
"2026-03-15","9","national","3","Charly & Johayron & Roberto Ferrante & El Bandolero","Una Cosita"
"2026-03-15","9","national","4","Leoni Torres & Bryan Sánchez","Nadie Como Tú"
"2026-03-15","9","national","5","El Taiger & Lil Yoe & Karly & DJ Conds","La Story"
"2026-03-15","9","national","6","Yuly y Havana C & Fransiskito el King","Chao Chaíto"
"2026-03-15","9","national","7","Jacob Forever","Me Equivoqué Contigo"
"2026-03-15","9","national","8","Jacob Forever & Dany Ome & Kevincito El 13","Salvavidas"
"2026-03-15","9","national","9","One Life & Charanga Latina & Metaliko","Yo Te Voy a Amar"
"2026-03-15","9","national","10","Chacal & Marlon & Gerardo Rodríguez","Pa' Toda La Vida"
"2026-03-15","9","international","1","Luis Fonsi & Feid","Cambiaré"
"2026-03-15","9","international","2","Bizarrap & Daddy Yankee","Bzrp Music Sessions, Vol. 66"
"2026-03-15","9","international","3","Taylor Swift","The Fate of Ophelia"
"2026-03-15","9","international","4","Bruno Mars","I Just Might"
"2026-03-15","9","international","5","Shakira & Beéle","Algo Tú"
"2026-03-15","9","international","6","Rauw Alejandro","Besito en la Frente"
"2026-03-15","9","international","7","Romeo Santos & Prince Royce","Dardos"
"2026-03-15","9","international","8","Elena Rose & Justin Quiles","Cosita Linda"
"2026-03-15","9","international","9","Katseye","Gabriela"
"2026-03-15","9","international","10","Tainy & Karol G","Única"
"2026-03-22","10","national","1","Charly & Johayron & Nicky Jam & Roberto Ferrante & El Bandolero & DJ Honda","Magia"
"2026-03-22","10","national","2","Wil Campa","Como Nadie"
"2026-03-22","10","national","3","Leoni Torres & Bryan Sánchez","Nadie Como Tú"
"2026-03-22","10","national","4","Charly & Johayron & Roberto Ferrante & El Bandolero","Una Cosita"
"2026-03-22","10","national","5","Chacal","Sonríe Mujer"
"2026-03-22","10","national","6","El Taiger & Lil Yoe & Karly & DJ Conds","La Story"
"2026-03-22","10","national","7","Jacob Forever","Me Equivoqué Contigo"
"2026-03-22","10","national","8","Srta. Dayana","Cualquiera (Salsa Version)"
"2026-03-22","10","national","9","Yuly y Havana C & Fransiskito el King","Chao Chaíto"
"2026-03-22","10","national","10","Alain Pérez & Luis Enrique","Reina De Corazones"
"2026-03-22","10","international","1","Luis Fonsi & Feid","Cambiaré"
"2026-03-22","10","international","2","Bizarrap & Daddy Yankee","Bzrp Music Sessions, Vol. 66"
"2026-03-22","10","international","3","Bruno Mars","I Just Might"
"2026-03-22","10","international","4","Shakira & Beéle","Algo Tú"
"2026-03-22","10","international","5","Taylor Swift","The Fate of Ophelia"
"2026-03-22","10","international","6","Romeo Santos & Prince Royce","Dardos"
"2026-03-22","10","international","7","Elena Rose & Justin Quiles","Cosita Linda"
"2026-03-22","10","international","8","Rauw Alejandro","Besito en la Frente"
"2026-03-22","10","international","9","Katseye","Gabriela"
"2026-03-22","10","international","10","Tainy & Karol G","Única"
"2026-03-29","11","national","1","Charly & Johayron & Nicky Jam & Roberto Ferrante & El Bandolero & DJ Honda","Magia"
"2026-03-29","11","national","2","Wil Campa","Como Nadie"
"2026-03-29","11","national","3","Chacal","Sonríe Mujer"
"2026-03-29","11","national","4","Leoni Torres & Bryan Sánchez","Nadie Como Tú"
"2026-03-29","11","national","5","Charly & Johayron & Roberto Ferrante & El Bandolero","Una Cosita"
"2026-03-29","11","national","6","Jacob Forever","Me Equivoqué Contigo"
"2026-03-29","11","national","7","Srta. Dayana","Cualquiera (Salsa Version)"
"2026-03-29","11","national","8","Melanie Santiler & Cimafunk","Ese Besito"
"2026-03-29","11","national","9","Alain Pérez & Luis Enrique","Reina De Corazones"
"2026-03-29","11","national","10","Yuly y Havana C & Fransiskito el King","Chao Chaíto"
"2026-03-29","11","international","1","Luis Fonsi & Feid","Cambiaré"
"2026-03-29","11","international","2","Bizarrap & Daddy Yankee","Bzrp Music Sessions, Vol. 66"
"2026-03-29","11","international","3","Romeo Santos & Prince Royce","Dardos"
"2026-03-29","11","international","4","Shakira & Beéle","Algo Tú"
"2026-03-29","11","international","5","Bruno Mars","I Just Might"
"2026-03-29","11","international","6","Taylor Swift","The Fate of Ophelia"
"2026-03-29","11","international","7","Elena Rose & Justin Quiles","Cosita Linda"
"2026-03-29","11","international","8","Katseye","Gabriela"
"2026-03-29","11","international","9","Tainy & Karol G","Única"
"2026-03-29","11","international","10","Rauw Alejandro","Besito en la Frente"
"2026-04-05","12","national","1","Charly & Johayron & Nicky Jam & Roberto Ferrante & El Bandolero & DJ Honda","Magia"
"2026-04-05","12","national","2","Wil Campa","Como Nadie"
"2026-04-05","12","national","3","Charly & Johayron & Roberto Ferrante & El Bandolero","Una Cosita"
"2026-04-05","12","national","4","Chacal","Sonríe Mujer"
"2026-04-05","12","national","5","Leoni Torres & Bryan Sánchez","Nadie Como Tú"
"2026-04-05","12","national","6","Melanie Santiler & Cimafunk","Ese Besito"
"2026-04-05","12","national","7","Jacob Forever","Me Equivoqué Contigo"
"2026-04-05","12","national","8","Srta. Dayana","Cualquiera (Salsa Version)"
"2026-04-05","12","national","9","Alain Pérez & Luis Enrique","Reina De Corazones"
"2026-04-05","12","national","10","Yuly y Havana C & Fransiskito el King","Chao Chaíto"
"2026-04-05","12","international","1","Bizarrap & Daddy Yankee","Bzrp Music Sessions, Vol. 66"
"2026-04-05","12","international","2","Luis Fonsi & Feid","Cambiaré"
"2026-04-05","12","international","3","Romeo Santos & Prince Royce","Dardos"
"2026-04-05","12","international","4","Shakira & Beéle","Algo Tú"
"2026-04-05","12","international","5","Bruno Mars","I Just Might"
"2026-04-05","12","international","6","Taylor Swift","The Fate of Ophelia"
"2026-04-05","12","international","7","Tainy & Karol G","Única"
"2026-04-05","12","international","8","Katseye","Gabriela"
"2026-04-05","12","international","9","Rauw Alejandro","Besito en la Frente"
"2026-04-05","12","international","10","Elena Rose & Justin Quiles","Cosita Linda"
"2026-04-12","13","national","1","Charly & Johayron & Nicky Jam & Roberto Ferrante & El Bandolero & DJ Honda","Magia"
"2026-04-12","13","national","2","Leoni Torres & Bryan Sánchez","Nadie Como Tú"
"2026-04-12","13","national","3","Wil Campa","Como Nadie"
"2026-04-12","13","national","4","Melanie Santiler & Cimafunk","Ese Besito"
"2026-04-12","13","national","5","Charly & Johayron & Roberto Ferrante & El Bandolero","Una Cosita"
"2026-04-12","13","national","6","Chacal","Sonríe Mujer"
"2026-04-12","13","national","7","Jacob Forever","Me Equivoqué Contigo"
"2026-04-12","13","national","8","Srta. Dayana","Cualquiera (Salsa Version)"
"2026-04-12","13","national","9","Alain Pérez & Luis Enrique","Reina De Corazones"
"2026-04-12","13","national","10","Yuly y Havana C & Fransiskito el King","Chao Chaíto"
"2026-04-12","13","international","1","Bizarrap & Daddy Yankee","Bzrp Music Sessions, Vol. 66"
"2026-04-12","13","international","2","Luis Fonsi & Feid","Cambiaré"
"2026-04-12","13","international","3","Shakira & Beéle","Algo Tú"
"2026-04-12","13","international","4","Bruno Mars","I Just Might"
"2026-04-12","13","international","5","Romeo Santos & Prince Royce","Dardos"
"2026-04-12","13","international","6","Taylor Swift","The Fate of Ophelia"
"2026-04-12","13","international","7","Maluma & Kany García","1+1"
"2026-04-12","13","international","8","Tainy & Karol G","Única"
"2026-04-12","13","international","9","Rauw Alejandro","Besito en la Frente"
"2026-04-12","13","international","10","Katseye","Gabriela"
"2026-04-19","14","national","1","Charly & Johayron & Nicky Jam & Roberto Ferrante & El Bandolero & DJ Honda","Magia"
"2026-04-19","14","national","2","Leoni Torres & Bryan Sánchez","Nadie Como Tú"
"2026-04-19","14","national","3","Melanie Santiler & Cimafunk","Ese Besito"
"2026-04-19","14","national","4","Wil Campa","Como Nadie"
"2026-04-19","14","national","5","Jacob Forever","Me Equivoqué Contigo"
"2026-04-19","14","national","6","Charly & Johayron & Roberto Ferrante & El Bandolero","Una Cosita"
"2026-04-19","14","national","7","Srta. Dayana","Cualquiera (Salsa Version)"
"2026-04-19","14","national","8","Alain Pérez & Luis Enrique","Reina De Corazones"
"2026-04-19","14","national","9","Chacal","Sonríe Mujer"
"2026-04-19","14","national","10","Baby Cortés","Mundo Loco"
"2026-04-19","14","international","1","Bizarrap & Daddy Yankee","Bzrp Music Sessions, Vol. 66"
"2026-04-19","14","international","2","Luis Fonsi & Feid","Cambiaré"
"2026-04-19","14","international","3","Shakira & Beéle","Algo Tú"
"2026-04-19","14","international","4","Maluma & Kany García","1+1"
"2026-04-19","14","international","5","Bruno Mars","I Just Might"
"2026-04-19","14","international","6","Tainy & Karol G","Única"
"2026-04-19","14","international","7","Taylor Swift","The Fate of Ophelia"
"2026-04-19","14","international","8","Fer Ariza & Nacho","Love Pa Ti No Hay"
"2026-04-19","14","international","9","Romeo Santos & Prince Royce","Dardos"
"2026-04-19","14","international","10","Ozuna & Beéle & Ovy On The Drums","Enemigos"
"2026-04-26","15","national","1","Leoni Torres & Bryan Sánchez","Nadie Como Tú"
"2026-04-26","15","national","2","Charly & Johayron & Nicky Jam & Roberto Ferrante & El Bandolero & DJ Honda","Magia"
"2026-04-26","15","national","3","Melanie Santiler & Cimafunk","Ese Besito"
"2026-04-26","15","national","4","Jacob Forever","Me Equivoqué Contigo"
"2026-04-26","15","national","5","Wil Campa","Como Nadie"
"2026-04-26","15","national","6","Srta. Dayana","Cualquiera (Salsa Version)"
"2026-04-26","15","national","7","Alain Pérez & Luis Enrique","Reina De Corazones"
"2026-04-26","15","national","8","Baby Cortés","Mundo Loco"
"2026-04-26","15","national","9","Charly & Johayron & Roberto Ferrante & El Bandolero","Una Cosita"
"2026-04-26","15","national","10","Chacal","Sonríe Mujer"
"2026-04-26","15","international","1","Shakira & Beéle","Algo Tú"
"2026-04-26","15","international","2","Bizarrap & Daddy Yankee","Bzrp Music Sessions, Vol. 66"
"2026-04-26","15","international","3","Maluma & Kany García","1+1"
"2026-04-26","15","international","4","Luis Fonsi & Feid","Cambiaré"
"2026-04-26","15","international","5","Tainy & Karol G","Única"
"2026-04-26","15","international","6","Bruno Mars","I Just Might"
"2026-04-26","15","international","7","Fer Ariza & Nacho","Love Pa Ti No Hay"
"2026-04-26","15","international","8","Taylor Swift","The Fate of Ophelia"
"2026-04-26","15","international","9","Ozuna & Beéle & Ovy On The Drums","Enemigos"
"2026-04-26","15","international","10","Romeo Santos & Prince Royce","Dardos"
"2026-05-03","16","national","1","Leoni Torres & Bryan Sánchez","Nadie Como Tú"
"2026-05-03","16","national","2","Melanie Santiler & Cimafunk","Ese Besito"
"2026-05-03","16","national","3","Jacob Forever","Me Equivoqué Contigo"
"2026-05-03","16","national","4","Charly & Johayron & Nicky Jam & Roberto Ferrante & El Bandolero & DJ Honda","Magia"
"2026-05-03","16","national","5","Srta. Dayana","Cualquiera (Salsa Version)"
"2026-05-03","16","national","6","Wil Campa","Como Nadie"
"2026-05-03","16","national","7","Baby Cortés","Mundo Loco"
"2026-05-03","16","national","8","Alain Pérez & Luis Enrique","Reina De Corazones"
"2026-05-03","16","national","9","Yuly y Havana C","Farándula"
"2026-05-03","16","national","10","Charly & Johayron & Roberto Ferrante & El Bandolero","Una Cosita"
"2026-05-03","16","international","1","Shakira & Beéle","Algo Tú"
"2026-05-03","16","international","2","Maluma & Kany García","1+1"
"2026-05-03","16","international","3","Bizarrap & Daddy Yankee","Bzrp Music Sessions, Vol. 66"
"2026-05-03","16","international","4","Tainy & Karol G","Única"
"2026-05-03","16","international","5","Luis Fonsi & Feid","Cambiaré"
"2026-05-03","16","international","6","Fer Ariza & Nacho","Love Pa Ti No Hay"
"2026-05-03","16","international","7","Ozuna & Beéle & Ovy On The Drums","Enemigos"
"2026-05-03","16","international","8","Bruno Mars","I Just Might"
"2026-05-03","16","international","9","Taylor Swift","The Fate of Ophelia"
"2026-05-03","16","international","10","Marc Anthony & Nathy Peluso","Como En El Idilio"
"2026-05-10","17","national","1","Leoni Torres & Bryan Sánchez","Nadie Como Tú"
"2026-05-10","17","national","2","Jacob Forever","Me Equivoqué Contigo"
"2026-05-10","17","national","3","Melanie Santiler & Cimafunk","Ese Besito"
"2026-05-10","17","national","4","Srta. Dayana","Cualquiera (Salsa Version)"
"2026-05-10","17","national","5","Charly & Johayron & Nicky Jam & Roberto Ferrante & El Bandolero & DJ Honda","Magia"
"2026-05-10","17","national","6","Baby Cortés","Mundo Loco"
"2026-05-10","17","national","7","Yuly y Havana C","Farándula"
"2026-05-10","17","national","8","Yomil","Voy A Mí"
"2026-05-10","17","national","9","Wil Campa","Como Nadie"
"2026-05-10","17","national","10","Alain Pérez & Luis Enrique","Reina De Corazones"
"2026-05-10","17","international","1","Shakira & Beéle","Algo Tú"
"2026-05-10","17","international","2","Maluma & Kany García","1+1"
"2026-05-10","17","international","3","Tainy & Karol G","Única"
"2026-05-10","17","international","4","Fer Ariza & Nacho","Love Pa Ti No Hay"
"2026-05-10","17","international","5","Bizarrap & Daddy Yankee","Bzrp Music Sessions, Vol. 66"
"2026-05-10","17","international","6","Ozuna & Beéle & Ovy On The Drums","Enemigos"
"2026-05-10","17","international","7","Marc Anthony & Nathy Peluso","Como En El Idilio"
"2026-05-10","17","international","8","Nicky Jam","Comenzar De Nuevo"
"2026-05-10","17","international","9","Luis Fonsi & Feid","Cambiaré"
"2026-05-10","17","international","10","Bruno Mars","I Just Might"
"2026-05-17","18","national","1","Leoni Torres & Bryan Sánchez","Nadie Como Tú"
"2026-05-17","18","national","2","Jacob Forever","Me Equivoqué Contigo"
"2026-05-17","18","national","3","Srta. Dayana","Cualquiera (Salsa Version)"
"2026-05-17","18","national","4","Melanie Santiler & Cimafunk","Ese Besito"
"2026-05-17","18","national","5","Charly & Johayron & Nicky Jam & Roberto Ferrante & El Bandolero & DJ Honda","Magia"
"2026-05-17","18","national","6","Yuly y Havana C","Farándula"
"2026-05-17","18","national","7","Yomil","Voy A Mí"
"2026-05-17","18","national","8","Baby Cortés","Mundo Loco"
"2026-05-17","18","national","9","Indy Fontaine & Charlie Cruz","Tú Tienes Algo"
"2026-05-17","18","national","10","Wil Campa","Como Nadie"
"2026-05-17","18","international","1","Shakira & Beéle","Algo Tú"
"2026-05-17","18","international","2","Tainy & Karol G","Única"
"2026-05-17","18","international","3","Fer Ariza & Nacho","Love Pa Ti No Hay"
"2026-05-17","18","international","4","Maluma & Kany García","1+1"
"2026-05-17","18","international","5","Ozuna & Beéle & Ovy On The Drums","Enemigos"
"2026-05-17","18","international","6","Marc Anthony & Nathy Peluso","Como En El Idilio"
"2026-05-17","18","international","7","Nicky Jam","Comenzar De Nuevo"
"2026-05-17","18","international","8","Bizarrap & Daddy Yankee","Bzrp Music Sessions, Vol. 66"
"2026-05-17","18","international","9","Greeicy","Discúlpeme Señor"
"2026-05-17","18","international","10","Piso 21 & Juan Duque","Regalito"
"2026-05-24","19","national","1","Leoni Torres & Bryan Sánchez","Nadie Como Tú"
"2026-05-24","19","national","2","Jacob Forever","Me Equivoqué Contigo"
"2026-05-24","19","national","3","Srta. Dayana","Cualquiera (Salsa Version)"
"2026-05-24","19","national","4","Yuly y Havana C","Farándula"
"2026-05-24","19","national","5","Melanie Santiler & Cimafunk","Ese Besito"
"2026-05-24","19","national","6","Yomil","Voy A Mí"
"2026-05-24","19","national","7","Charly & Johayron & Nicky Jam & Roberto Ferrante & El Bandolero & DJ Honda","Magia"
"2026-05-24","19","national","8","Indy Fontaine & Charlie Cruz","Tú Tienes Algo"
"2026-05-24","19","national","9","Baby Cortés","Mundo Loco"
"2026-05-24","19","national","10","Orquesta Failde & La Sonora Dinamita","Cumbia De Los Amigos"
"2026-05-24","19","international","1","Tainy & Karol G","Única"
"2026-05-24","19","international","2","Shakira & Beéle","Algo Tú"
"2026-05-24","19","international","3","Fer Ariza & Nacho","Love Pa Ti No Hay"
"2026-05-24","19","international","4","Ozuna & Beéle & Ovy On The Drums","Enemigos"
"2026-05-24","19","international","5","Marc Anthony & Nathy Peluso","Como En El Idilio"
"2026-05-24","19","international","6","Maluma & Kany García","1+1"
"2026-05-24","19","international","7","Nicky Jam","Comenzar De Nuevo"
"2026-05-24","19","international","8","Greeicy","Discúlpeme Señor"
"2026-05-24","19","international","9","Piso 21 & Juan Duque","Regalito"
"2026-05-24","19","international","10","Bizarrap & Daddy Yankee","Bzrp Music Sessions, Vol. 66"
"2026-05-31","20","national","1","Leoni Torres & Bryan Sánchez","Nadie Como Tú"
"2026-05-31","20","national","2","Srta. Dayana","Cualquiera (Salsa Version)"
"2026-05-31","20","national","3","Jacob Forever","Me Equivoqué Contigo"
"2026-05-31","20","national","4","Yuly y Havana C","Farándula"
"2026-05-31","20","national","5","Yomil","Voy A Mí"
"2026-05-31","20","national","6","Melanie Santiler & Cimafunk","Ese Besito"
"2026-05-31","20","national","7","Indy Fontaine & Charlie Cruz","Tú Tienes Algo"
"2026-05-31","20","national","8","Charly & Johayron & Nicky Jam & Roberto Ferrante & El Bandolero & DJ Honda","Magia"
"2026-05-31","20","national","9","Orquesta Failde & La Sonora Dinamita","Cumbia De Los Amigos"
"2026-05-31","20","national","10","Baby Cortés","Mundo Loco"
"2026-05-31","20","international","1","Tainy & Karol G","Única"
"2026-05-31","20","international","2","Fer Ariza & Nacho","Love Pa Ti No Hay"
"2026-05-31","20","international","3","Shakira & Beéle","Algo Tú"
"2026-05-31","20","international","4","Ozuna & Beéle & Ovy On The Drums","Enemigos"
"2026-05-31","20","international","5","Marc Anthony & Nathy Peluso","Como En El Idilio"
"2026-05-31","20","international","6","Nicky Jam","Comenzar De Nuevo"
"2026-05-31","20","international","7","Greeicy","Discúlpeme Señor"
"2026-05-31","20","international","8","Maluma & Kany García","1+1"
"2026-05-31","20","international","9","Piso 21 & Juan Duque","Regalito"
"2026-05-31","20","international","10","Farruko & Greeicy & Steve Aoki","Yapaqué"
"2026-06-07","21","national","1","Leoni Torres & Bryan Sánchez","Nadie Como Tú"
"2026-06-07","21","national","2","Srta. Dayana","Cualquiera (Salsa Version)"
"2026-06-07","21","national","3","Yuly y Havana C","Farándula"
"2026-06-07","21","national","4","Yomil","Voy A Mí"
"2026-06-07","21","national","5","Jacob Forever","Me Equivoqué Contigo"
"2026-06-07","21","national","6","Indy Fontaine & Charlie Cruz","Tú Tienes Algo"
"2026-06-07","21","national","7","Melanie Santiler & Cimafunk","Ese Besito"
"2026-06-07","21","national","8","Orquesta Failde & La Sonora Dinamita","Cumbia De Los Amigos"
"2026-06-07","21","national","9","Diana Fuentes","En Otra Vida Como Esta"
"2026-06-07","21","national","10","Charly & Johayron & Nicky Jam & Roberto Ferrante & El Bandolero & DJ Honda","Magia"
"2026-06-07","21","international","1","Fer Ariza & Nacho","Love Pa Ti No Hay"
"2026-06-07","21","international","2","Tainy & Karol G","Única"
"2026-06-07","21","international","3","Ozuna & Beéle & Ovy On The Drums","Enemigos"
"2026-06-07","21","international","4","Shakira & Beéle","Algo Tú"
"2026-06-07","21","international","5","Nicky Jam","Comenzar De Nuevo"
"2026-06-07","21","international","6","Greeicy","Discúlpeme Señor"
"2026-06-07","21","international","7","Marc Anthony & Nathy Peluso","Como En El Idilio"
"2026-06-07","21","international","8","Piso 21 & Juan Duque","Regalito"
"2026-06-07","21","international","9","Farruko & Greeicy & Steve Aoki","Yapaqué"
"2026-06-07","21","international","10","Shakira & Burna Boy","Dai Dai"
"2026-06-14","22","national","1","Srta. Dayana","Cualquiera (Salsa Version)"
"2026-06-14","22","national","2","Leoni Torres & Bryan Sánchez","Nadie Como Tú"
"2026-06-14","22","national","3","Yuly y Havana C","Farándula"
"2026-06-14","22","national","4","Yomil","Voy A Mí"
"2026-06-14","22","national","5","Indy Fontaine & Charlie Cruz","Tú Tienes Algo"
"2026-06-14","22","national","6","Jacob Forever","Me Equivoqué Contigo"
"2026-06-14","22","national","7","Orquesta Failde & La Sonora Dinamita","Cumbia De Los Amigos"
"2026-06-14","22","national","8","Diana Fuentes","En Otra Vida Como Esta"
"2026-06-14","22","national","9","Melanie Santiler & Cimafunk","Ese Besito"
"2026-06-14","22","national","10","Saudy & Lenier","Sin Ti"
"2026-06-14","22","international","1","Fer Ariza & Nacho","Love Pa Ti No Hay"
"2026-06-14","22","international","2","Ozuna & Beéle & Ovy On The Drums","Enemigos"
"2026-06-14","22","international","3","Tainy & Karol G","Única"
"2026-06-14","22","international","4","Nicky Jam","Comenzar De Nuevo"
"2026-06-14","22","international","5","Shakira & Beéle","Algo Tú"
"2026-06-14","22","international","6","Greeicy","Discúlpeme Señor"
"2026-06-14","22","international","7","Piso 21 & Juan Duque","Regalito"
"2026-06-14","22","international","8","Farruko & Greeicy & Steve Aoki","Yapaqué"
"2026-06-14","22","international","9","Shakira & Burna Boy","Dai Dai"
"2026-06-14","22","international","10","Rauw Alejandro","Dando Vueltas"
"2026-06-21","23","national","1","Srta. Dayana","Cualquiera (Salsa Version)"
"2026-06-21","23","national","2","Yuly y Havana C","Farándula"
"2026-06-21","23","national","3","Leoni Torres & Bryan Sánchez","Nadie Como Tú"
"2026-06-21","23","national","4","Indy Fontaine & Charlie Cruz","Tú Tienes Algo"
"2026-06-21","23","national","5","Yomil","Voy A Mí"
"2026-06-21","23","national","6","Orquesta Failde & La Sonora Dinamita","Cumbia De Los Amigos"
"2026-06-21","23","national","7","Diana Fuentes","En Otra Vida Como Esta"
"2026-06-21","23","national","8","Saudy & Lenier","Sin Ti"
"2026-06-21","23","national","9","Jacob Forever","Me Equivoqué Contigo"
"2026-06-21","23","national","10","Melanie Santiler & Cimafunk","Ese Besito"
"2026-06-21","23","international","1","Fer Ariza & Nacho","Love Pa Ti No Hay"
"2026-06-21","23","international","2","Ozuna & Beéle & Ovy On The Drums","Enemigos"
"2026-06-21","23","international","3","Nicky Jam","Comenzar De Nuevo"
"2026-06-21","23","international","4","Greeicy","Discúlpeme Señor"
"2026-06-21","23","international","5","Tainy & Karol G","Única"
"2026-06-21","23","international","6","Shakira & Beéle","Algo Tú"
"2026-06-21","23","international","7","Farruko & Greeicy & Steve Aoki","Yapaqué"
"2026-06-21","23","international","8","Shakira & Burna Boy","Dai Dai"
"2026-06-21","23","international","9","Rauw Alejandro","Dando Vueltas"
"2026-06-21","23","international","10","Kany García & Juan Luis Guerra","Amor Bonito"
"2026-06-28","24","national","1","Yuly y Havana C","Farándula"
"2026-06-28","24","national","2","Srta. Dayana","Cualquiera (Salsa Version)"
"2026-06-28","24","national","3","Indy Fontaine & Charlie Cruz","Tú Tienes Algo"
"2026-06-28","24","national","4","Leoni Torres & Bryan Sánchez","Nadie Como Tú"
"2026-06-28","24","national","5","Orquesta Failde & La Sonora Dinamita","Cumbia De Los Amigos"
"2026-06-28","24","national","6","Yomil","Voy A Mí"
"2026-06-28","24","national","7","Saudy & Lenier","Sin Ti"
"2026-06-28","24","national","8","Diana Fuentes","En Otra Vida Como Esta"
"2026-06-28","24","national","9","Orquesta Failde","El Chiquitico"
"2026-06-28","24","national","10","Jacob Forever","Me Equivoqué Contigo"
"2026-06-28","24","international","1","Fer Ariza & Nacho","Love Pa Ti No Hay"
"2026-06-28","24","international","2","Nicky Jam","Comenzar De Nuevo"
"2026-06-28","24","international","3","Ozuna & Beéle & Ovy On The Drums","Enemigos"
"2026-06-28","24","international","4","Greeicy","Discúlpeme Señor"
"2026-06-28","24","international","5","Shakira & Burna Boy","Dai Dai"
"2026-06-28","24","international","6","Kany García & Juan Luis Guerra","Amor Bonito"
"2026-06-28","24","international","7","Tainy & Karol G","Única"
"2026-06-28","24","international","8","Rauw Alejandro","Dando Vueltas"
"2026-06-28","24","international","9","Shakira & Beéle","Algo Tú"
"2026-06-28","24","international","10","Farruko & Greeicy & Steve Aoki","Yapaqué"
"2026-07-05","25","national","1","Yuly y Havana C","Farándula"
"2026-07-05","25","national","2","Indy Fontaine & Charlie Cruz","Tú Tienes Algo"
"2026-07-05","25","national","3","Srta. Dayana","Cualquiera (Salsa Version)"
"2026-07-05","25","national","4","Orquesta Failde & La Sonora Dinamita","Cumbia De Los Amigos"
"2026-07-05","25","national","5","Leoni Torres & Bryan Sánchez","Nadie Como Tú"
"2026-07-05","25","national","6","Saudy & Lenier","Sin Ti"
"2026-07-05","25","national","7","Orquesta Failde","El Chiquitico"
"2026-07-05","25","national","8","Yomil","Voy A Mí"
"2026-07-05","25","national","9","Diana Fuentes","En Otra Vida Como Esta"
"2026-07-05","25","national","10","Leoni Torres","Si No Fuera Por Ti"
"2026-07-05","25","international","1","Fer Ariza & Nacho","Love Pa Ti No Hay"
"2026-07-05","25","international","2","Nicky Jam","Comenzar De Nuevo"
"2026-07-05","25","international","3","Shakira & Burna Boy","Dai Dai"
"2026-07-05","25","international","4","Rauw Alejandro","Dando Vueltas"
"2026-07-05","25","international","5","Ozuna & Beéle & Ovy On The Drums","Enemigos"
"2026-07-05","25","international","6","Greeicy","Discúlpeme Señor"
"2026-07-05","25","international","7","Kany García & Juan Luis Guerra","Amor Bonito"
"2026-07-05","25","international","8","Tainy & Karol G","Única"
"2026-07-05","25","international","9","Manuel Turizo","Te Hacen Falta Dos"
"2026-07-05","25","international","10","Shakira & Beéle","Algo Tú"
"2026-07-12","26","national","1","Indy Fontaine & Charlie Cruz","Tú Tienes Algo"
"2026-07-12","26","national","2","Yuly y Havana C","Farándula"
"2026-07-12","26","national","3","Saudy & Lenier","Sin Ti"
"2026-07-12","26","national","4","Srta. Dayana","Cualquiera (Salsa Version)"
"2026-07-12","26","national","5","Orquesta Failde","El Chiquitico"
"2026-07-12","26","national","6","Orquesta Failde & La Sonora Dinamita","Cumbia De Los Amigos"
"2026-07-12","26","national","7","Leoni Torres & Bryan Sánchez","Nadie Como Tú"
"2026-07-12","26","national","8","Leoni Torres","Si No Fuera Por Ti"
"2026-07-12","26","national","9","Yomil","Voy A Mí"
"2026-07-12","26","national","10","Diana Fuentes","En Otra Vida Como Esta"
"2026-07-12","26","international","1","Shakira & Burna Boy","Dai Dai"
"2026-07-12","26","international","2","Fer Ariza & Nacho","Love Pa Ti No Hay"
"2026-07-12","26","international","3","Nicky Jam","Comenzar De Nuevo"
"2026-07-12","26","international","4","Rauw Alejandro","Dando Vueltas"
"2026-07-12","26","international","5","Manuel Turizo","Te Hacen Falta Dos"
"2026-07-12","26","international","6","Kany García & Juan Luis Guerra","Amor Bonito"
"2026-07-12","26","international","7","Ozuna & Beéle & Ovy On The Drums","Enemigos"
"2026-07-12","26","international","8","Greeicy","Discúlpeme Señor"
"2026-07-12","26","international","9","Fonseca & Juanes","Antes Que El Tiempo Se Vaya"
"2026-07-12","26","international","10","Jennifer Lopez & David Guetta","Save Me Tonight"
"2026-07-19","27","national","1","Indy Fontaine & Charlie Cruz","Tú Tienes Algo"
"2026-07-19","27","national","2","Saudy & Lenier","Sin Ti"
"2026-07-19","27","national","3","Yuly y Havana C","Farándula"
"2026-07-19","27","national","4","Orquesta Failde","El Chiquitico"
"2026-07-19","27","national","5","Srta. Dayana","Cualquiera (Salsa Version)"
"2026-07-19","27","national","6","Leoni Torres","Si No Fuera Por Ti"
"2026-07-19","27","national","7","Orquesta Failde & La Sonora Dinamita","Cumbia De Los Amigos"
"2026-07-19","27","national","8","Leoni Torres & Bryan Sánchez","Nadie Como Tú"
"2026-07-19","27","national","9","Chacal & Yakarta","No He Podido Olvidarte"
"2026-07-19","27","national","10","Yomil","Voy A Mí"
"2026-07-19","27","international","1","Shakira & Burna Boy","Dai Dai"
"2026-07-19","27","international","2","Rauw Alejandro","Dando Vueltas"
"2026-07-19","27","international","3","Fer Ariza & Nacho","Love Pa Ti No Hay"
"2026-07-19","27","international","4","Manuel Turizo","Te Hacen Falta Dos"
"2026-07-19","27","international","5","Nicky Jam","Comenzar De Nuevo"
"2026-07-19","27","international","6","Fonseca & Juanes","Antes Que El Tiempo Se Vaya"
"2026-07-19","27","international","7","Kany García & Juan Luis Guerra","Amor Bonito"
"2026-07-19","27","international","8","Jennifer Lopez & David Guetta","Save Me Tonight"
"2026-07-19","27","international","9","ARIA VEGA & Ryan Castro","CHÉVERE"
"2026-07-19","27","international","10","Myke Towers","Una Na Más"
"2026-07-26","28","national","1","Indy Fontaine & Charlie Cruz","Tú Tienes Algo"
"2026-07-26","28","national","2","Orquesta Failde","El Chiquitico"
"2026-07-26","28","national","3","Saudy & Lenier","Sin Ti"
"2026-07-26","28","national","4","Yuly y Havana C","Farándula"
"2026-07-26","28","national","5","Leoni Torres","Si No Fuera Por Ti"
"2026-07-26","28","national","6","Srta. Dayana","Cualquiera (Salsa Version)"
"2026-07-26","28","national","7","Chacal & Yakarta","No He Podido Olvidarte"
"2026-07-26","28","national","8","Orquesta Failde & La Sonora Dinamita","Cumbia De Los Amigos"
"2026-07-26","28","national","9","Saudy & Lenier","Namore"
"2026-07-26","28","national","10","Leoni Torres & Bryan Sánchez","Nadie Como Tú"
"2026-07-26","28","international","1","Shakira & Burna Boy","Dai Dai"
"2026-07-26","28","international","2","Rauw Alejandro","Dando Vueltas"
"2026-07-26","28","international","3","Manuel Turizo","Te Hacen Falta Dos"
"2026-07-26","28","international","4","Fer Ariza & Nacho","Love Pa Ti No Hay"
"2026-07-26","28","international","5","Fonseca & Juanes","Antes Que El Tiempo Se Vaya"
"2026-07-26","28","international","6","Jennifer Lopez & David Guetta","Save Me Tonight"
"2026-07-26","28","international","7","Nicky Jam","Comenzar De Nuevo"
"2026-07-26","28","international","8","ARIA VEGA & Ryan Castro","CHÉVERE"
"2026-07-26","28","international","9","Myke Towers","Una Na Más"
"2026-07-26","28","international","10","Madonna & Sabrina Carpenter","Bring your love"
"2026-08-02","29","national","1","Orquesta Failde","El Chiquitico"
"2026-08-02","29","national","2","Indy Fontaine & Charlie Cruz","Tú Tienes Algo"
"2026-08-02","29","national","3","Saudy & Lenier","Sin Ti"
"2026-08-02","29","national","4","Leoni Torres","Si No Fuera Por Ti"
"2026-08-02","29","national","5","Yuly y Havana C","Farándula"
"2026-08-02","29","national","6","Chacal & Yakarta","No He Podido Olvidarte"
"2026-08-02","29","national","7","Srta. Dayana","Cualquiera (Salsa Version)"
"2026-08-02","29","national","8","Saudy & Lenier","Namore"
"2026-08-02","29","national","9","Orquesta Failde & La Sonora Dinamita","Cumbia De Los Amigos"
"2026-08-02","29","national","10","Leoni Torres & Javier Columbié","Cógelo Suave"
"2026-08-02","29","international","1","Manuel Turizo","Te Hacen Falta Dos"
"2026-08-02","29","international","2","Shakira & Burna Boy","Dai Dai"
"2026-08-02","29","international","3","Fonseca & Juanes","Antes Que El Tiempo Se Vaya"
"2026-08-02","29","international","4","Rauw Alejandro","Dando Vueltas"
"2026-08-02","29","international","5","Jennifer Lopez & David Guetta","Save Me Tonight"
"2026-08-02","29","international","6","Fer Ariza & Nacho","Love Pa Ti No Hay"
"2026-08-02","29","international","7","ARIA VEGA & Ryan Castro","CHÉVERE"
"2026-08-02","29","international","8","Myke Towers","Una Na Más"
"2026-08-02","29","international","9","Madonna & Sabrina Carpenter","Bring your love"
"2026-08-02","29","international","10","Nicky Jam","Comenzar De Nuevo"
"2026-08-09","30","national","1","Orquesta Failde","El Chiquitico"
"2026-08-09","30","national","2","Indy Fontaine & Charlie Cruz","Tú Tienes Algo"
"2026-08-09","30","national","3","Leoni Torres","Si No Fuera Por Ti"
"2026-08-09","30","national","4","Saudy & Lenier","Sin Ti"
"2026-08-09","30","national","5","Chacal & Yakarta","No He Podido Olvidarte"
"2026-08-09","30","national","6","Yuly y Havana C","Farándula"
"2026-08-09","30","national","7","Saudy & Lenier","Namore"
"2026-08-09","30","national","8","Leoni Torres & Javier Columbié","Cógelo Suave"
"2026-08-09","30","national","9","Srta. Dayana","Cualquiera (Salsa Version)"
"2026-08-09","30","national","10","Orquesta Failde & La Sonora Dinamita","Cumbia De Los Amigos"
"2026-08-09","30","international","1","Manuel Turizo","Te Hacen Falta Dos"
"2026-08-09","30","international","2","Fonseca & Juanes","Antes Que El Tiempo Se Vaya"
"2026-08-09","30","international","3","Jennifer Lopez & David Guetta","Save Me Tonight"
"2026-08-09","30","international","4","Shakira & Burna Boy","Dai Dai"
"2026-08-09","30","international","5","ARIA VEGA & Ryan Castro","CHÉVERE"
"2026-08-09","30","international","6","Rauw Alejandro","Dando Vueltas"
"2026-08-09","30","international","7","Myke Towers","Una Na Más"
"2026-08-09","30","international","8","Madonna & Sabrina Carpenter","Bring your love"
"2026-08-09","30","international","9","Fer Ariza & Nacho","Love Pa Ti No Hay"
"2026-08-09","30","international","10","Ana Mena & Lola Índigo","Pa ti toa <3"
